0,1,200
1,1,300
2,1,140
3,1,0
4,1,0
5,1,140
6,1,140
7,1,0
8,1,0
9,1,0
10,1,100
11,1,0
12,1,200
13,1,0
14,1,0
15,1,0
16,1,140
17,1,140
18,1,140
19,1,300
20,1,0
21,1,140
22,1,140
23,1,0
24,1,200
25,1,140
26,1,0
27,1,0
28,1,0
29,1,0
30,1,0
31,1,300
32,1,140
33,1,0
34,1,0
35,1,140
36,1,0
37,1,200
38,1,0
39,1,640
40,1,0
41,1,0
42,1,0
43,1,200
44,1,0
45,1,0
46,1,0
47,1,0
48,1,140
49,1,0
50,1,200
51,1,140
52,1,0
53,1,0
54,1,300
55,1,0
56,1,140
57,1,0
58,1,140
59,1,0
60,1,0
61,1,140
62,1,200
63,1,140
64,1,140
65,1,140
66,1,200
67,1,200
68,1,140
69,1,0
70,1,140
71,1,200
72,1,140
73,1,0
74,1,0
75,1,240
76,1,0
77,1,0
78,1,140
79,1,0
80,1,0
81,1,140
82,1,140
83,1,0
84,1,0
85,1,140
86,1,140
87,1,140
88,1,200
89,1,200
90,1,0
91,1,0
92,1,0
93,1,0
94,1,200
95,1,140
96,1,0
97,1,0
98,1,140
99,1,200
100,1,140
101,1,140
102,1,200
103,1,140
104,1,140
105,1,0
106,1,200
107,1,0
108,1,140
109,1,140
110,1,0
111,1,0
112,1,0
113,1,0
114,1,0
115,1,200
116,1,0
117,1,200
118,1,0
119,1,0
120,1,200
121,1,0
122,1,0
123,1,140
124,1,140
125,1,140
126,1,140
127,1,140
128,1,200
129,1,0
130,1,140
131,1,0
132,1,200
133,1,0
134,1,0
135,1,0
136,1,0
137,1,200
138,1,0
139,1,300
140,1,140
141,1,300
142,1,0
143,1,200
144,1,0
145,1,140
146,1,140
147,1,0
148,1,200
149,1,140
150,1,200
151,1,140
152,1,0
153,1,0
154,1,200
155,1,140
156,1,0
157,1,140
158,1,140
159,1,140
160,1,140
161,1,0
162,1,240
163,1,0
164,1,140
165,1,0
166,1,0
167,1,140
168,1,0
169,1,200
170,1,140
171,1,0
172,1,0
173,1,140
174,1,0
175,1,140
176,1,0
177,1,0
178,1,140
179,1,140
180,1,200
181,1,0
182,1,140
183,1,0
184,1,0
185,1,140
186,1,0
187,1,140
188,1,140
189,1,0
190,1,200
191,1,0
192,1,0
193,1,140
194,1,0
195,1,0
196,1,0
197,1,0
198,1,0
199,1,0
200,1,140
201,1,140
202,1,140
203,1,140
204,1,140
205,1,0
206,1,0
207,1,140
208,1,140
209,1,0
210,1,140
211,1,0
212,1,140
213,1,200
214,1,140
215,1,0
216,1,300
217,1,0
218,1,0
219,1,200
220,1,140
221,1,0
222,1,140
223,1,0
224,1,0
225,1,0
226,1,140
227,1,300
228,1,140
229,1,0
230,1,140
231,1,0
232,1,140
233,1,140
234,1,140
235,1,200
236,1,140
237,1,200
238,1,140
239,1,200
240,1,200
241,1,0
242,1,140
243,1,200
244,1,140
245,1,0
246,1,140
247,1,200
248,1,0
249,1,200
250,1,0
251,1,200
252,1,200
253,1,0
254,1,0
255,1,140
256,1,0
257,1,140
258,1,140
259,1,0
260,1,0
261,1,0
262,1,140
263,1,140
264,1,0
265,1,0
266,1,140
267,1,140
268,1,200
269,1,0
270,1,200
271,1,0
272,1,140
273,1,140
274,1,200
275,1,0
276,1,300
277,1,200
278,1,0
279,1,0
280,1,200
281,1,200
282,1,140
283,1,140
284,1,0
285,1,0
286,1,140
287,1,0
288,1,140
289,1,140
290,1,200
291,1,0
292,1,0
293,1,0
294,1,200
295,1,0
296,1,200
297,1,140
298,1,140
299,1,200
300,1,0
301,1,140
302,1,140
303,1,140
304,1,0
305,1,140
306,1,0
307,1,0
308,1,0
309,1,0
310,1,140
311,1,200
312,1,140
313,1,140
314,1,0
315,1,0
316,1,200
317,1,0
318,1,0
319,1,200
320,1,140
321,1,0
322,1,140
323,1,0
324,1,0
325,1,140
326,1,0
327,1,0
328,1,140
329,1,140
330,1,140
331,1,0
332,1,0
333,1,140
334,1,0
335,1,140
336,1,0
337,1,0
338,1,140
339,1,0
340,1,200
341,1,0
342,1,140
343,1,200
344,1,0
345,1,0
346,1,200
347,1,0
348,1,200
349,1,0
350,1,200
351,1,140
352,1,0
353,1,0
354,1,140
355,1,0
356,1,0
357,1,200
358,1,0
359,1,140
360,1,0
361,1,0
362,1,0
363,1,300
364,1,0
365,1,140
366,1,140
367,1,140
368,1,200
369,1,140
370,1,0
371,1,140
372,1,0
373,1,200
374,1,200
375,1,240
376,1,0
377,1,0
378,1,0
379,1,0
380,1,140
381,1,140
382,1,140
383,1,0
384,1,140
385,1,0
386,1,0
387,1,200
388,1,140
389,1,200
390,1,0
391,1,0
392,1,140
393,1,200
394,1,200
395,1,140
396,1,200
397,1,140
398,1,0
399,1,140
400,1,140
401,1,0
402,1,140
403,1,0
404,1,0
405,1,200
406,1,140
407,1,140
408,1,200
409,1,0
410,1,0
411,1,0
412,1,140
413,1,0
414,1,0
415,1,200
416,1,200
417,1,200
418,1,300
419,1,140
420,1,200
421,1,140
422,1,0
423,1,0
424,1,140
425,1,200
426,1,0
427,1,140
428,1,0
429,1,0
430,1,0
431,1,140
432,1,0
433,1,0
434,1,140
435,1,140
436,1,0
437,1,140
438,1,240
439,1,0
440,1,0
441,1,0
442,1,0
443,1,200
444,1,200
445,1,200
446,1,140
447,1,140
448,1,200
449,1,140
450,1,0
451,1,200
452,1,0
453,1,0
454,1,0
455,1,200
456,1,140
457,1,0
458,1,300
459,1,200
460,1,0
461,1,0
462,1,0
463,1,0
464,1,140
465,1,0
466,1,140
467,1,140
468,1,200
469,1,200
470,1,200
471,1,0
472,1,200
473,1,140
474,1,200
475,1,140
476,1,0
477,1,140
478,1,200
479,1,200
480,1,200
481,1,0
482,1,240
483,1,140
484,1,140
485,1,200
486,1,140
487,1,0
488,1,200
489,1,0
490,1,200
491,1,140
492,1,200
493,1,300
494,1,140
495,1,200
496,1,140
497,1,0
498,1,140
499,1,0
500,1,200
501,1,0
502,1,200
503,1,0
504,1,200
505,1,140
506,1,200
507,1,140
508,1,200
509,1,0
510,1,140
511,1,0
512,1,0
513,1,0
514,1,0
515,1,0
516,1,200
517,1,0
518,1,140
519,1,200
520,1,0
521,1,140
522,1,140
523,1,140
524,1,0
525,1,140
526,1,0
527,1,140
528,1,0
529,1,140
530,1,200
531,1,140
532,1,0
533,1,0
534,1,0
535,1,0
536,1,140
537,1,140
538,1,200
539,1,140
540,1,0
541,1,0
542,1,0
543,1,140
544,1,0
545,1,0
546,1,140
547,1,0
548,1,0
549,1,200
550,1,200
551,1,200
552,1,200
553,1,140
554,1,300
555,1,0
556,1,0
557,1,0
558,1,0
559,1,0
560,1,140
561,1,140
562,1,140
563,1,140
564,1,200
565,1,140
566,1,0
567,1,200
568,1,0
569,1,200
570,1,140
571,1,0
572,1,140
573,1,0
574,1,140
575,1,140
576,1,0
577,1,200
578,1,300
579,1,0
580,1,0
581,1,140
582,1,0
583,1,140
584,1,140
585,1,0
586,1,200
587,1,140
588,1,0
589,1,0
590,1,140
591,1,0
592,1,600
593,1,140
594,1,200
595,1,0
596,1,0
597,1,200
598,1,140
599,1,140
600,1,0
601,1,0
602,1,0
603,1,200
604,1,140
605,1,200
606,1,140
607,1,0
608,1,0
609,1,0
610,1,0
611,1,0
612,1,0
613,1,140
614,1,0
615,1,0
616,1,140
617,1,140
618,1,200
619,1,0
620,1,200
621,1,200
622,1,0
623,1,140
624,1,0
625,1,140
626,1,0
627,1,0
628,1,0
629,1,140
630,1,140
631,1,0
632,1,140
633,1,0
634,1,200
635,1,0
636,1,140
637,1,0
638,1,0
639,1,0
640,1,140
641,1,0
642,1,0
643,1,240
644,1,0
645,1,200
646,1,200
647,1,140
648,1,0
649,1,140
650,1,0
651,1,200
652,1,0
653,1,0
654,1,0
655,1,140
656,1,0
657,1,0
658,1,140
659,1,0
660,1,0
661,1,0
662,1,200
663,1,200
664,1,140
665,1,140
666,1,0
667,1,140
668,1,0
669,1,140
670,1,200
671,1,0
672,1,140
673,1,0
674,1,0
675,1,0
676,1,200
677,1,0
678,1,240
679,1,200
680,1,140
681,1,140
682,1,0
683,1,0
684,1,0
685,1,200
686,1,0
687,1,140
688,1,140
689,1,0
690,1,140
691,1,0
692,1,0
693,1,0
694,1,0
695,1,0
696,1,140
697,1,140
698,1,140
699,1,0
700,1,0
701,1,140
702,1,0
703,1,200
704,1,0
705,1,0
706,1,0
707,1,140
708,1,140
709,1,0
710,1,0
711,1,0
712,1,0
713,1,200
714,1,140
715,1,0
716,1,140
717,1,140
718,1,200
719,1,0
720,1,200
721,1,140
722,1,0
723,1,200
724,1,0
725,1,0
726,1,200
727,1,0
728,1,200
729,1,140
730,1,140
731,1,0
732,1,0
733,1,0
734,1,140
735,1,140
736,1,200
737,1,0
738,1,200
739,1,0
740,1,140
741,1,0
742,1,0
743,1,140
744,1,140
745,1,140
746,1,0
747,1,140
748,1,200
749,1,140
750,1,140
751,1,0
752,1,200
753,1,200
754,1,200
755,1,0
756,1,0
757,1,0
758,1,0
759,1,0
760,1,0
761,1,140
762,1,140
763,1,0
764,1,140
765,1,300
766,1,200
767,1,140
768,1,0
769,1,140
770,1,200
771,1,140
772,1,200
773,1,0
774,1,0
775,1,0
776,1,140
777,1,0
778,1,140
779,1,0
780,1,140
781,1,0
782,1,140
783,1,0
784,1,0
785,1,200
786,1,140
787,1,0
788,1,140
789,1,200
790,1,0
791,1,200
792,1,140
793,1,0
794,1,200
795,1,140
796,1,140
797,1,200
798,1,0
799,1,0
800,1,0
801,1,0
802,1,140
803,1,0
804,1,0
805,1,140
806,1,0
807,1,0
808,1,0
809,1,140
810,1,0
811,1,0
812,1,0
813,1,140
814,1,140
815,1,140
816,1,0
817,1,0
818,1,200
819,1,140
820,1,0
821,1,0
822,1,140
823,1,140
824,1,140
825,1,140
826,1,140
827,1,140
828,1,140
829,1,200
830,1,140
831,1,140
832,1,200
833,1,140
834,1,300
835,1,0
836,1,0
837,1,0
838,1,200
839,1,0
840,1,240
841,1,140
842,1,0
843,1,0
844,1,140
845,1,0
846,1,140
847,1,140
848,1,200
849,1,200
850,1,140
851,1,0
852,1,0
853,1,0
854,1,300
855,1,140
856,1,0
857,1,140
858,1,0
859,1,200
860,1,0
861,1,0
862,1,0
863,1,0
864,1,200
865,1,140
866,1,140
867,1,200
868,1,200
869,1,140
870,1,0
871,1,0
872,1,0
873,1,140
874,1,140
875,1,140
876,1,140
877,1,0
878,1,140
879,1,200
880,1,0
881,1,0
882,1,140
883,1,200
884,1,200
885,1,0
886,1,200
887,1,0
888,1,240
889,1,200
890,1,0
891,1,200
892,1,200
893,1,200
894,1,0
895,1,0
896,1,200
897,1,0
898,1,0
899,1,0
900,1,140
901,1,140
902,1,140
903,1,0
904,1,0
905,1,0
906,1,200
907,1,0
908,1,0
909,1,0
910,1,0
911,1,140
912,1,0
913,1,140
914,1,140
915,1,140
916,1,200
917,1,0
918,1,0
919,1,0
920,1,140
921,1,0
922,1,0
923,1,200
924,1,0
925,1,0
926,1,140
927,1,0
928,1,0
929,1,0
930,1,0
931,1,0
932,1,0
933,1,140
934,1,140
935,1,140
936,1,140
937,1,0
938,1,300
939,1,140
940,1,200
941,1,200
942,1,0
943,1,140
944,1,0
945,1,0
946,1,140
947,1,140
948,1,200
949,1,200
950,1,200
951,1,140
952,1,0
953,1,0
954,1,140
955,1,0
956,1,0
957,1,0
958,1,0
959,1,140
960,1,140
961,1,0
962,1,0
963,1,0
964,1,0
965,1,140
966,1,140
967,1,200
968,1,0
969,1,0
970,1,0
971,1,0
972,1,0
973,1,0
974,1,200
975,1,200
976,1,200
977,1,140
978,1,140
979,1,200
980,1,0
981,1,140
982,1,0
983,1,240
984,1,140
985,1,140
986,1,200
987,1,0
988,1,0
989,1,0
990,1,200
991,1,0
992,1,240
993,1,200
994,1,200
995,1,200
996,1,140
997,1,200
998,1,200
999,1,200
1000,1,200
1001,1,0
1002,1,200
1003,1,200
1004,1,140
1005,1,140
1006,1,0
1007,1,0
1008,1,0
1009,1,140
1010,1,0
1011,1,140
1012,1,0
1013,1,140
1014,1,200
1015,1,0
1016,1,140
1017,1,200
1018,1,140
1019,1,140
1020,1,140
1021,1,140
1022,1,140
1023,1,140
1024,1,200
1025,1,0
1026,1,140
1027,1,0
1028,1,140
1029,1,200
1030,1,0
1031,1,140
1032,1,140
1033,1,0
1034,1,0
1035,1,200
1036,1,100
1037,1,200
1038,1,200
1039,1,0
1040,1,140
1041,1,140
1042,1,200
1043,1,0
1044,1,0
1045,1,200
1046,1,0
1047,1,140
1048,1,140
1049,1,140
1050,1,200
1051,1,140
1052,1,200
1053,1,0
1054,1,200
1055,1,140
1056,1,0
1057,1,140
1058,1,200
1059,1,140
1060,1,140
1061,1,0
1062,1,0
1063,1,140
1064,1,140
1065,1,140
1066,1,0
1067,1,0
1068,1,0
1069,1,0
1070,1,140
1071,1,0
1072,1,200
1073,1,140
1074,1,0
1075,1,0
1076,1,0
1077,1,0
1078,1,200
1079,1,140
1080,1,0
1081,1,200
1082,1,0
1083,1,0
1084,1,600
1085,1,0
1086,1,0
1087,1,0
1088,1,140
1089,1,0
1090,1,200
1091,1,300
1092,1,0
1093,1,200
1094,1,140
1095,1,0
1096,1,0
1097,1,140
1098,1,0
1099,1,140
1100,1,200
1101,1,0
1102,1,200
1103,1,200
1104,1,240
1105,1,240
1106,1,200
1107,1,200
1108,1,0
1109,1,140
1110,1,200
1111,1,200
1112,1,0
1113,1,0
1114,1,0
1115,1,200
1116,1,0
1117,1,200
1118,1,200
1119,1,0
1120,1,200
1121,1,0
1122,1,0
1123,1,0
1124,1,140
1125,1,0
1126,1,140
1127,1,140
1128,1,0
1129,1,140
1130,1,140
1131,1,140
1132,1,140
1133,1,0
1134,1,0
1135,1,0
1136,1,0
1137,1,140
1138,1,140
1139,1,0
1140,1,0
1141,1,0
1142,1,600
1143,1,200
1144,1,0
1145,1,200
1146,1,140
1147,1,140
1148,1,0
1149,1,140
1150,1,140
1151,1,140
1152,1,0
1153,1,0
1154,1,140
1155,1,0
1156,1,140
1157,1,0
1158,1,140
1159,1,140
1160,1,140
1161,1,140
1162,1,0
1163,1,200
1164,1,0
1165,1,140
1166,1,140
1167,1,200
1168,1,0
1169,1,140
1170,1,140
1171,1,140
1172,1,0
1173,1,0
1174,1,140
1175,1,140
1176,1,0
1177,1,0
1178,1,0
1179,1,200
1180,1,200
1181,1,140
1182,1,200
1183,1,0
1184,1,0
1185,1,200
1186,1,200
1187,1,0
1188,1,300
1189,1,200
1190,1,300
1191,1,0
1192,1,200
1193,1,140
1194,1,140
1195,1,140
1196,1,140
1197,1,140
1198,1,200
1199,1,0
1200,1,0
1201,1,140
1202,1,0
1203,1,140
1204,1,0
1205,1,0
1206,1,140
1207,1,0
1208,1,0
1209,1,0
1210,1,140
1211,1,140
1212,1,140
1213,1,0
1214,1,140
1215,1,140
1216,1,0
1217,1,140
1218,1,140
1219,1,200
1220,1,0
1221,1,0
1222,1,0
1223,1,0
1224,1,0
1225,1,200
1226,1,0
1227,1,0
1228,1,0
1229,1,0
1230,1,200
1231,1,140
1232,1,0
1233,1,140
1234,1,140
1235,1,0
1236,1,0
1237,1,0
1238,1,0
1239,1,0
1240,1,200
1241,1,140
1242,1,140
1243,1,0
1244,1,140
1245,1,0
1246,1,140
1247,1,240
1248,1,0
1249,1,140
1250,1,0
1251,1,140
1252,1,0
1253,1,0
1254,1,0
1255,1,200
1256,1,140
1257,1,0
1258,1,200
1259,1,0
1260,1,200
1261,1,0
1262,1,140
1263,1,0
1264,1,0
1265,1,0
1266,1,0
1267,1,200
1268,1,200
1269,1,140
1270,1,140
1271,1,140
1272,1,140
1273,1,200
1274,1,200
1275,1,140
1276,1,0
1277,1,140
1278,1,0
1279,1,140
1280,1,0
1281,1,0
1282,1,200
1283,1,200
1284,1,140
1285,1,0
1286,1,0
1287,1,200
1288,1,140
1289,1,240
1290,1,200
1291,1,200
1292,1,200
1293,1,0
1294,1,0
1295,1,0
1296,1,0
1297,1,0
1298,1,0
1299,1,300
1300,1,300
1301,1,0
1302,1,0
1303,1,0
1304,1,0
1305,1,140
1306,1,140
1307,1,0
1308,1,140
1309,1,140
1310,1,0
1311,1,140
1312,1,0
1313,1,200
1314,1,200
1315,1,200
1316,1,140
1317,1,0
1318,1,0
1319,1,0
1320,1,0
1321,1,240
1322,1,140
1323,1,200
1324,1,140
1325,1,140
1326,1,200
1327,1,0
1328,1,140
1329,1,0
1330,1,240
1331,1,0
1332,1,140
1333,1,140
1334,1,140
1335,1,0
1336,1,0
1337,1,200
1338,1,0
1339,1,140
1340,1,140
1341,1,0
1342,1,0
1343,1,140
1344,1,0
1345,1,0
1346,1,140
1347,1,140
1348,1,0
1349,1,140
1350,1,0
1351,1,140
1352,1,0
1353,1,0
1354,1,140
1355,1,140
1356,1,140
1357,1,140
1358,1,0
1359,1,200
1360,1,0
1361,1,140
1362,1,140
1363,1,140
1364,1,200
1365,1,200
1366,1,0
1367,1,200
1368,1,0
1369,1,0
1370,1,0
1371,1,0
1372,1,140
1373,1,0
1374,1,140
1375,1,200
1376,1,0
1377,1,0
1378,1,0
1379,1,140
1380,1,140
1381,1,200
1382,1,140
1383,1,140
1384,1,0
1385,1,140
1386,1,140
1387,1,140
1388,1,140
1389,1,0
1390,1,0
1391,1,0
1392,1,140
1393,1,140
1394,1,0
1395,1,140
1396,1,0
1397,1,200
1398,1,140
1399,1,0
1400,1,0
1401,1,140
1402,1,200
1403,1,140
1404,1,0
1405,1,0
1406,1,200
1407,1,0
1408,1,140
1409,1,300
1410,1,0
1411,1,140
1412,1,200
1413,1,0
1414,1,0
1415,1,0
1416,1,200
1417,1,200
1418,1,300
1419,1,140
1420,1,200
1421,1,200
1422,1,200
1423,1,140
1424,1,200
1425,1,140
1426,1,200
1427,1,200
1428,1,0
1429,1,0
1430,1,0
1431,1,140
1432,1,140
1433,1,0
1434,1,0
1435,1,200
1436,1,140
1437,1,140
1438,1,0
1439,1,0
1440,1,200
1441,1,140
1442,1,0
1443,1,0
1444,1,140
1445,1,0
1446,1,0
1447,1,0
1448,1,200
1449,1,0
1450,1,200
1451,1,0
1452,1,140
1453,1,0
1454,1,200
1455,1,140
1456,1,140
1457,1,200
1458,1,200
1459,1,0
1460,1,0
1461,1,140
1462,1,0
1463,1,300
1464,1,140
1465,1,200
1466,1,200
1467,1,0
1468,1,0
1469,1,0
1470,1,140
1471,1,0
1472,1,140
1473,1,140
1474,1,0
1475,1,0
1476,1,140
1477,1,0
1478,1,140
1479,1,140
1480,1,140
1481,1,0
1482,1,200
1483,1,0
1484,1,140
1485,1,0
1486,1,140
1487,1,140
1488,1,0
1489,1,0
1490,1,0
1491,1,140
1492,1,140
1493,1,140
1494,1,140
1495,1,0
1496,1,140
1497,1,0
1498,1,0
1499,1,0
1500,1,140
1501,1,140
1502,1,140
1503,1,0
1504,1,200
1505,1,140
1506,1,0
1507,1,0
1508,1,0
1509,1,200
1510,1,140
1511,1,140
1512,1,140
1513,1,0
1514,1,140
1515,1,0
1516,1,140
1517,1,140
1518,1,200
1519,1,140
1520,1,140
1521,1,200
1522,1,0
1523,1,0
1524,1,0
1525,1,200
1526,1,0
1527,1,140
1528,1,140
1529,1,0
1530,1,200
1531,1,200
1532,1,140
1533,1,140
1534,1,0
1535,1,200
1536,1,140
1537,1,140
1538,1,0
1539,1,140
1540,1,200
1541,1,200
1542,1,0
1543,1,140
1544,1,200
1545,1,0
1546,1,0
1547,1,200
1548,1,140
1549,1,0
1550,1,200
1551,1,0
1552,1,140
1553,1,200
1554,1,200
1555,1,0
1556,1,0
1557,1,140
1558,1,200
1559,1,0
1560,1,200
1561,1,300
1562,1,200
1563,1,0
1564,1,0
1565,1,0
1566,1,0
1567,1,0
1568,1,140
1569,1,0
1570,1,200
1571,1,200
1572,1,0
1573,1,140
1574,1,300
1575,1,0
1576,1,0
1577,1,0
1578,1,140
1579,1,200
1580,1,0
1581,1,200
1582,1,140
1583,1,0
1584,1,0
1585,1,0
1586,1,0
1587,1,0
1588,1,0
1589,1,0
1590,1,140
1591,1,140
1592,1,200
1593,1,200
1594,1,0
1595,1,140
1596,1,140
1597,1,200
1598,1,140
1599,1,0
1600,1,0
1601,1,200
1602,1,0
1603,1,200
1604,1,0
1605,1,140
1606,1,140
1607,1,0
1608,1,140
1609,1,140
1610,1,200
1611,1,140
1612,1,140
1613,1,200
1614,1,200
1615,1,0
1616,1,200
1617,1,140
1618,1,140
1619,1,200
1620,1,200
1621,1,140
1622,1,200
1623,1,140
1624,1,0
1625,1,200
1626,1,0
1627,1,140
1628,1,200
1629,1,0
1630,1,0
1631,1,140
1632,1,200
1633,1,140
1634,1,0
1635,1,0
1636,1,140
1637,1,200
1638,1,200
1639,1,0
1640,1,200
1641,1,140
1642,1,140
1643,1,0
1644,1,0
1645,1,0
1646,1,140
1647,1,200
1648,1,0
1649,1,0
1650,1,0
1651,1,0
1652,1,140
1653,1,0
1654,1,0
1655,1,140
1656,1,200
1657,1,0
1658,1,0
1659,1,0
1660,1,200
1661,1,0
1662,1,0
1663,1,200
1664,1,0
1665,1,140
1666,1,140
1667,1,200
1668,1,0
1669,1,140
1670,1,0
1671,1,0
1672,1,0
1673,1,0
1674,1,140
1675,1,200
1676,1,0
1677,1,0
1678,1,0
1679,1,140
1680,1,140
1681,1,200
1682,1,200
1683,1,0
1684,1,200
1685,1,0
1686,1,140
1687,1,0
1688,1,0
1689,1,200
1690,1,0
1691,1,140
1692,1,0
1693,1,0
1694,1,0
1695,1,0
1696,1,140
1697,1,200
1698,1,200
1699,1,0
1700,1,140
1701,1,0
1702,1,200
1703,1,0
1704,1,140
1705,1,200
1706,1,200
1707,1,140
1708,1,200
1709,1,0
1710,1,140
1711,1,0
1712,1,0
1713,1,0
1714,1,140
1715,1,140
1716,1,140
1717,1,140
1718,1,0
1719,1,0
1720,1,0
1721,1,300
1722,1,140
1723,1,200
1724,1,0
1725,1,0
1726,1,200
1727,1,0
1728,1,140
1729,1,0
1730,1,200
1731,1,0
1732,1,0
1733,1,140
1734,1,0
1735,1,140
1736,1,140
1737,1,0
1738,1,140
1739,1,200
1740,1,200
1741,1,140
1742,1,140
1743,1,0
1744,1,0
1745,1,0
1746,1,200
1747,1,0
1748,1,0
1749,1,140
1750,1,0
1751,1,140
1752,1,140
1753,1,0
1754,1,200
1755,1,200
1756,1,0
1757,1,0
1758,1,0
1759,1,140
1760,1,200
1761,1,0
1762,1,0
1763,1,140
1764,1,0
1765,1,0
1766,1,200
1767,1,140
1768,1,0
1769,1,0
1770,1,0
1771,1,0
1772,1,0
1773,1,140
1774,1,0
1775,1,0
1776,1,200
1777,1,140
1778,1,200
1779,1,0
1780,1,0
1781,1,200
1782,1,0
1783,1,140
1784,1,200
1785,1,140
1786,1,0
1787,1,200
1788,1,200
1789,1,0
1790,1,0
1791,1,0
1792,1,0
1793,1,140
1794,1,200
1795,1,140
1796,1,0
1797,1,140
1798,1,140
1799,1,0
1800,1,140
1801,1,200
1802,1,0
1803,1,140
1804,1,140
1805,1,200
1806,1,140
1807,1,140
1808,1,140
1809,1,200
1810,1,0
1811,1,0
1812,1,200
1813,1,0
1814,1,140
1815,1,0
1816,1,0
1817,1,0
1818,1,0
1819,1,0
1820,1,0
1821,1,140
1822,1,0
1823,1,0
1824,1,0
1825,1,200
1826,1,140
1827,1,0
1828,1,0
1829,1,0
1830,1,0
1831,1,0
1832,1,200
1833,1,0
1834,1,200
1835,1,0
1836,1,200
1837,1,140
1838,1,200
1839,1,200
1840,1,0
1841,1,200
1842,1,140
1843,1,0
1844,1,0
1845,1,140
1846,1,0
1847,1,200
1848,1,0
1849,1,140
1850,1,200
1851,1,140
1852,1,200
1853,1,0
1854,1,140
1855,1,0
1856,1,0
1857,1,200
1858,1,200
1859,1,0
1860,1,200
1861,1,0
1862,1,140
1863,1,0
1864,1,0
1865,1,140
1866,1,0
1867,1,200
1868,1,0
1869,1,140
1870,1,140
1871,1,600
1872,1,0
1873,1,140
1874,1,200
1875,1,0
1876,1,200
1877,1,0
1878,1,200
1879,1,200
1880,1,240
1881,1,200
1882,1,140
1883,1,140
1884,1,140
1885,1,0
1886,1,0
1887,1,140
1888,1,140
1889,1,0
1890,1,140
1891,1,200
1892,1,200
1893,1,140
1894,1,200
1895,1,0
1896,1,0
1897,1,200
1898,1,140
1899,1,0
1900,1,0
1901,1,140
1902,1,200
1903,1,0
1904,1,0
1905,1,140
1906,1,0
1907,1,0
1908,1,140
1909,1,0
1910,1,0
1911,1,0
1912,1,140
1913,1,0
1914,1,140
1915,1,200
1916,1,300
1917,1,140
1918,1,0
1919,1,0
1920,1,200
1921,1,240
1922,1,0
1923,1,140
1924,1,0
1925,1,200
1926,1,140
1927,1,140
1928,1,200
1929,1,0
1930,1,0
1931,1,0
1932,1,200
1933,1,140
1934,1,0
1935,1,200
1936,1,0
1937,1,200
1938,1,140
1939,1,140
1940,1,140
1941,1,140
1942,1,140
1943,1,0
1944,1,0
1945,1,0
1946,1,0
1947,1,0
1948,1,200
1949,1,0
1950,1,140
1951,1,140
1952,1,140
1953,1,0
1954,1,200
1955,1,0
1956,1,140
1957,1,200
1958,1,0
1959,1,0
1960,1,0
1961,1,0
1962,1,140
1963,1,0
1964,1,200
1965,1,200
1966,1,140
1967,1,0
1968,1,200
1969,1,0
1970,1,0
1971,1,140
1972,1,0
1973,1,140
1974,1,140
1975,1,140
1976,1,0
1977,1,0
1978,1,200
1979,1,200
1980,1,0
1981,1,540
1982,1,140
1983,1,0
1984,1,140
1985,1,140
1986,1,0
1987,1,140
1988,1,0
1989,1,0
1990,1,0
1991,1,0
1992,1,140
1993,1,200
1994,1,0
1995,1,300
1996,1,140
1997,1,0
1998,1,0
1999,1,200
2000,1,140
2001,1,200
2002,1,200
2003,1,140
2004,1,200
2005,1,0
2006,1,200
2007,1,140
2008,1,200
2009,1,200
2010,1,0
2011,1,140
2012,1,140
2013,1,0
2014,1,140
2015,1,0
2016,1,140
2017,1,0
2018,1,0
2019,1,200
2020,1,0
2021,1,0
2022,1,200
2023,1,140
2024,1,140
2025,1,0
2026,1,200
2027,1,200
2028,1,200
2029,1,240
2030,1,140
2031,1,0
2032,1,140
2033,1,140
2034,1,140
2035,1,140
2036,1,140
2037,1,0
2038,1,200
2039,1,0
2040,1,140
2041,1,140
2042,1,0
2043,1,0
2044,1,0
2045,1,0
2046,1,140
2047,1,0
2048,1,0
2049,1,200
2050,1,0
2051,1,0
2052,1,140
2053,1,0
2054,1,200
2055,1,0
2056,1,200
2057,1,300
2058,1,0
2059,1,140
2060,1,140
2061,1,0
2062,1,140
2063,1,200
2064,1,0
2065,1,140
2066,1,140
2067,1,300
2068,1,0
2069,1,140
2070,1,140
2071,1,140
2072,1,0
2073,1,140
2074,1,0
2075,1,0
2076,1,0
2077,1,0
2078,1,140
2079,1,200
2080,1,140
2081,1,140
2082,1,0
2083,1,0
2084,1,0
2085,1,140
2086,1,200
2087,1,0
2088,1,0
2089,1,140
2090,1,0
2091,1,2200
2092,1,140
2093,1,200
2094,1,0
2095,1,300
2096,1,0
2097,1,140
2098,1,140
2099,1,200
2100,1,0
2101,1,0
2102,1,200
2103,1,0
2104,1,0
2105,1,140
2106,1,0
2107,1,140
2108,1,200
2109,1,0
2110,1,140
2111,1,140
2112,1,0
2113,1,200
2114,1,0
2115,1,0
2116,1,200
2117,1,200
2118,1,0
2119,1,0
2120,1,200
2121,1,140
2122,1,140
2123,1,200
2124,1,140
2125,1,0
2126,1,200
2127,1,0
2128,1,0
2129,1,0
2130,1,140
2131,1,0
2132,1,200
2133,1,0
2134,1,0
2135,1,0
2136,1,140
2137,1,200
2138,1,0
2139,1,0
2140,1,0
2141,1,700
2142,1,0
2143,1,0
2144,1,200
2145,1,0
2146,1,0
2147,1,0
2148,1,140
2149,1,140
2150,1,0
2151,1,0
2152,1,0
2153,1,200
2154,1,140
2155,1,140
2156,1,200
2157,1,200
2158,1,140
2159,1,0
2160,1,200
2161,1,0
2162,1,0
2163,1,0
2164,1,200
2165,1,0
2166,1,0
2167,1,0
2168,1,0
2169,1,200
2170,1,0
2171,1,0
2172,1,0
2173,1,140
2174,1,140
2175,1,0
2176,1,140
2177,1,140
2178,1,0
2179,1,140
2180,1,0
2181,1,0
2182,1,0
2183,1,0
2184,1,0
2185,1,140
2186,1,140
2187,1,200
2188,1,140
2189,1,0
2190,1,140
2191,1,140
2192,1,0
2193,1,140
2194,1,140
2195,1,0
2196,1,200
2197,1,0
2198,1,140
2199,1,0
2200,1,0
2201,1,0
2202,1,200
2203,1,100
2204,1,140
2205,1,200
2206,1,200
2207,1,0
2208,1,140
2209,1,0
2210,1,0
2211,1,140
2212,1,0
2213,1,140
2214,1,0
2215,1,0
2216,1,0
2217,1,0
2218,1,140
2219,1,140
2220,1,200
2221,1,0
2222,1,140
2223,1,140
2224,1,140
2225,1,200
2226,1,200
2227,1,540
2228,1,140
2229,1,140
2230,1,0
2231,1,140
2232,1,140
2233,1,140
2234,1,200
2235,1,0
2236,1,0
2237,1,0
2238,1,140
2239,1,140
2240,1,240
2241,1,140
2242,1,0
2243,1,140
2244,1,0
2245,1,200
2246,1,0
2247,1,0
2248,1,0
2249,1,200
2250,1,0
2251,1,0
2252,1,140
2253,1,140
2254,1,140
2255,1,0
2256,1,0
2257,1,200
2258,1,140
2259,1,0
2260,1,140
2261,1,0
2262,1,0
2263,1,0
2264,1,0
2265,1,200
2266,1,140
2267,1,0
2268,1,140
2269,1,0
2270,1,140
2271,1,140
2272,1,200
2273,1,0
2274,1,140
2275,1,200
2276,1,0
2277,1,140
2278,1,700
2279,1,140
2280,1,140
2281,1,0
2282,1,140
2283,1,200
2284,1,0
2285,1,0
2286,1,200
2287,1,140
2288,1,200
2289,1,200
2290,1,200
2291,1,140
2292,1,240
2293,1,0
2294,1,0
2295,1,0
2296,1,0
2297,1,0
2298,1,140
2299,1,0
2300,1,0
2301,1,200
2302,1,140
2303,1,0
2304,1,140
2305,1,0
2306,1,0
2307,1,140
2308,1,140
2309,1,0
2310,1,140
2311,1,140
2312,1,140
2313,1,0
2314,1,0
2315,1,0
2316,1,0
2317,1,0
2318,1,0
2319,1,300
2320,1,0
2321,1,0
2322,1,0
2323,1,0
2324,1,700
2325,1,200
2326,1,0
2327,1,0
2328,1,140
2329,1,0
2330,1,0
2331,1,140
2332,1,0
2333,1,0
2334,1,0
2335,1,0
2336,1,0
2337,1,200
2338,1,140
2339,1,200
2340,1,200
2341,1,0
2342,1,200
2343,1,0
2344,1,140
2345,1,0
2346,1,140
2347,1,0
2348,1,0
2349,1,200
2350,1,140
2351,1,0
2352,1,0
2353,1,140
2354,1,200
2355,1,140
2356,1,200
2357,1,0
2358,1,0
2359,1,140
2360,1,0
2361,1,0
2362,1,0
2363,1,140
2364,1,140
2365,1,0
2366,1,0
2367,1,140
2368,1,0
2369,1,0
2370,1,140
2371,1,200
2372,1,0
2373,1,0
2374,1,0
2375,1,200
2376,1,200
2377,1,0
2378,1,0
2379,1,200
2380,1,140
2381,1,300
2382,1,140
2383,1,0
2384,1,200
2385,1,140
2386,1,300
2387,1,140
2388,1,0
2389,1,0
2390,1,0
2391,1,0
2392,1,0
2393,1,300
2394,1,140
2395,1,200
2396,1,0
2397,1,140
2398,1,0
2399,1,200
2400,1,0
2401,1,140
2402,1,0
2403,1,140
2404,1,200
2405,1,0
2406,1,140
2407,1,140
2408,1,140
2409,1,0
2410,1,0
2411,1,0
2412,1,200
2413,1,0
2414,1,200
2415,1,0
2416,1,0
2417,1,140
2418,1,140
2419,1,0
2420,1,240
2421,1,0
2422,1,0
2423,1,0
2424,1,140
2425,1,0
2426,1,200
2427,1,140
2428,1,0
2429,1,0
2430,1,0
2431,1,200
2432,1,140
2433,1,0
2434,1,0
2435,1,200
2436,1,200
2437,1,200
2438,1,200
2439,1,200
2440,1,200
2441,1,200
2442,1,200
2443,1,0
2444,1,0
2445,1,140
2446,1,140
2447,1,0
2448,1,200
2449,1,0
2450,1,0
2451,1,0
2452,1,0
2453,1,200
2454,1,0
2455,1,0
2456,1,200
2457,1,200
2458,1,0
2459,1,140
2460,1,140
2461,1,0
2462,1,0
2463,1,140
2464,1,0
2465,1,0
2466,1,0
2467,1,0
2468,1,140
2469,1,140
2470,1,0
2471,1,0
2472,1,300
2473,1,200
2474,1,0
2475,1,140
2476,1,0
2477,1,200
2478,1,0
2479,1,0
2480,1,140
2481,1,140
2482,1,200
2483,1,0
2484,1,200
2485,1,140
2486,1,140
2487,1,200
2488,1,140
2489,1,0
2490,1,140
2491,1,0
2492,1,140
2493,1,0
2494,1,140
2495,1,0
2496,1,0
2497,1,200
2498,1,200
2499,1,140
2500,1,0
2501,1,0
2502,1,0
2503,1,200
2504,1,0
2505,1,140
2506,1,0
2507,1,140
2508,1,0
2509,1,200
2510,1,140
2511,1,200
2512,1,0
2513,1,0
2514,1,0
2515,1,0
2516,1,140
2517,1,0
2518,1,0
2519,1,200
2520,1,0
2521,1,0
2522,1,200
2523,1,140
2524,1,200
2525,1,0
2526,1,140
2527,1,0
2528,1,0
2529,1,0
2530,1,0
2531,1,140
2532,1,0
2533,1,140
2534,1,0
2535,1,200
2536,1,0
2537,1,0
2538,1,200
2539,1,0
2540,1,200
2541,1,140
2542,1,0
2543,1,0
2544,1,200
2545,1,0
2546,1,200
2547,1,200
2548,1,0
2549,1,0
2550,1,200
2551,1,0
2552,1,0
2553,1,0
2554,1,0
2555,1,0
2556,1,0
2557,1,0
2558,1,0
2559,1,140
2560,1,0
2561,1,140
2562,1,200
2563,1,0
2564,1,0
2565,1,0
2566,1,200
2567,1,200
2568,1,140
2569,1,140
2570,1,140
2571,1,0
2572,1,0
2573,1,200
2574,1,140
2575,1,200
2576,1,0
2577,1,140
2578,1,0
2579,1,140
2580,1,0
2581,1,200
2582,1,200
2583,1,0
2584,1,200
2585,1,140
2586,1,140
2587,1,0
2588,1,0
2589,1,140
2590,1,0
2591,1,0
2592,1,0
2593,1,140
2594,1,200
2595,1,0
2596,1,0
2597,1,140
2598,1,0
2599,1,0
2600,1,200
2601,1,0
2602,1,0
2603,1,0
2604,1,0
2605,1,140
2606,1,0
2607,1,0
2608,1,200
2609,1,0
2610,1,0
2611,1,140
2612,1,0
2613,1,0
2614,1,0
2615,1,200
2616,1,200
2617,1,140
2618,1,300
2619,1,200
2620,1,0
2621,1,0
2622,1,0
2623,1,200
2624,1,0
2625,1,0
2626,1,0
2627,1,200
2628,1,140
2629,1,0
2630,1,140
2631,1,200
2632,1,140
2633,1,200
2634,1,0
2635,1,0
2636,1,0
2637,1,140
2638,1,200
2639,1,0
2640,1,200
2641,1,140
2642,1,140
2643,1,200
2644,1,140
2645,1,0
2646,1,0
2647,1,140
2648,1,200
2649,1,200
2650,1,0
2651,1,140
2652,1,0
2653,1,200
2654,1,0
2655,1,140
2656,1,140
2657,1,0
2658,1,0
2659,1,0
2660,1,140
2661,1,0
2662,1,0
2663,1,0
2664,1,140
2665,1,140
2666,1,200
2667,1,0
2668,1,240
2669,1,200
2670,1,140
2671,1,200
2672,1,140
2673,1,140
2674,1,0
2675,1,200
2676,1,200
2677,1,140
2678,1,0
2679,1,0
2680,1,140
2681,1,200
2682,1,140
2683,1,140
2684,1,200
2685,1,140
2686,1,0
2687,1,0
2688,1,140
2689,1,140
2690,1,140
2691,1,0
2692,1,0
2693,1,0
2694,1,140
2695,1,0
2696,1,140
2697,1,140
2698,1,0
2699,1,140
2700,1,0
2701,1,140
2702,1,140
2703,1,140
2704,1,0
2705,1,200
2706,1,0
2707,1,0
2708,1,0
2709,1,0
2710,1,140
2711,1,140
2712,1,0
2713,1,200
2714,1,0
2715,1,0
2716,1,0
2717,1,0
2718,1,140
2719,1,0
2720,1,300
2721,1,140
2722,1,140
2723,1,200
2724,1,0
2725,1,0
2726,1,0
2727,1,0
2728,1,0
2729,1,0
2730,1,200
2731,1,140
2732,1,140
2733,1,0
2734,1,0
2735,1,140
2736,1,200
2737,1,540
2738,1,140
2739,1,200
2740,1,0
2741,1,140
2742,1,0
2743,1,140
2744,1,140
2745,1,140
2746,1,240
2747,1,200
2748,1,200
2749,1,140
2750,1,200
2751,1,140
2752,1,140
2753,1,140
2754,1,0
2755,1,140
2756,1,600
2757,1,140
2758,1,200
2759,1,0
2760,1,140
2761,1,140
2762,1,200
2763,1,140
2764,1,0
2765,1,200
2766,1,140
2767,1,0
2768,1,200
2769,1,0
2770,1,200
2771,1,200
2772,1,0
2773,1,0
2774,1,140
2775,1,140
2776,1,0
2777,1,0
2778,1,140
2779,1,0
2780,1,0
2781,1,140
2782,1,0
2783,1,200
2784,1,200
2785,1,140
2786,1,200
2787,1,0
2788,1,0
2789,1,300
2790,1,300
2791,1,0
2792,1,140
2793,1,0
2794,1,0
2795,1,0
2796,1,200
2797,1,0
2798,1,140
2799,1,140
2800,1,0
2801,1,0
2802,1,140
2803,1,0
2804,1,0
2805,1,140
2806,1,200
2807,1,300
2808,1,200
2809,1,0
2810,1,0
2811,1,140
2812,1,200
2813,1,300
2814,1,0
2815,1,0
2816,1,200
2817,1,140
2818,1,240
2819,1,200
2820,1,140
2821,1,140
2822,1,140
2823,1,0
2824,1,200
2825,1,0
2826,1,0
2827,1,0
2828,1,0
2829,1,200
2830,1,0
2831,1,0
2832,1,200
2833,1,200
2834,1,0
2835,1,0
2836,1,200
2837,1,0
2838,1,140
2839,1,200
2840,1,0
2841,1,140
2842,1,200
2843,1,140
2844,1,140
2845,1,200
2846,1,200
2847,1,140
2848,1,200
2849,1,0
2850,1,0
2851,1,200
2852,1,140
2853,1,0
2854,1,0
2855,1,0
2856,1,140
2857,1,200
2858,1,140
2859,1,0
2860,1,0
2861,1,200
2862,1,140
2863,1,200
2864,1,0
2865,1,0
2866,1,140
2867,1,0
2868,1,0
2869,1,0
2870,1,0
2871,1,140
2872,1,0
2873,1,0
2874,1,0
2875,1,200
2876,1,140
2877,1,0
2878,1,0
2879,1,0
2880,1,0
2881,1,0
2882,1,0
2883,1,140
2884,1,0
2885,1,0
2886,1,0
2887,1,200
2888,1,200
2889,1,0
2890,1,140
2891,1,0
2892,1,200
2893,1,0
2894,1,0
2895,1,0
2896,1,300
2897,1,200
2898,1,0
2899,1,140
2900,1,140
2901,1,200
2902,1,0
2903,1,200
2904,1,0
2905,1,0
2906,1,140
2907,1,0
2908,1,200
2909,1,0
2910,1,0
2911,1,140
2912,1,140
2913,1,300
2914,1,0
2915,1,140
2916,1,0
2917,1,0
2918,1,0
2919,1,140
2920,1,0
2921,1,200
2922,1,240
2923,1,0
2924,1,200
2925,1,140
2926,1,0
2927,1,140
2928,1,200
2929,1,0
2930,1,200
2931,1,0
2932,1,140
2933,1,140
2934,1,0
2935,1,0
2936,1,140
2937,1,140
2938,1,140
2939,1,0
2940,1,200
2941,1,140
2942,1,0
2943,1,200
2944,1,140
2945,1,0
2946,1,0
2947,1,200
2948,1,0
2949,1,0
2950,1,140
2951,1,0
2952,1,140
2953,1,0
2954,1,140
2955,1,140
2956,1,0
2957,1,140
2958,1,0
2959,1,140
2960,1,200
2961,1,140
2962,1,140
2963,1,200
2964,1,200
2965,1,0
2966,1,200
2967,1,140
2968,1,140
2969,1,200
2970,1,0
2971,1,140
2972,1,200
2973,1,140
2974,1,0
2975,1,140
2976,1,300
2977,1,0
2978,1,0
2979,1,0
2980,1,0
2981,1,0
2982,1,140
2983,1,200
2984,1,0
2985,1,0
2986,1,0
2987,1,140
2988,1,200
2989,1,0
2990,1,0
2991,1,0
2992,1,240
2993,1,140
2994,1,0
2995,1,200
2996,1,140
2997,1,0
2998,1,0
2999,1,0
3000,1,140
3001,1,0
3002,1,200
3003,1,0
3004,1,140
3005,1,140
3006,1,0
3007,1,140
3008,1,0
3009,1,0
3010,1,0
3011,1,0
3012,1,0
3013,1,200
3014,1,200
3015,1,140
3016,1,0
3017,1,0
3018,1,0
3019,1,0
3020,1,140
3021,1,0
3022,1,0
3023,1,140
3024,1,200
3025,1,200
3026,1,0
3027,1,200
3028,1,200
3029,1,140
3030,1,140
3031,1,200
3032,1,0
3033,1,200
3034,1,0
3035,1,140
3036,1,140
3037,1,140
3038,1,140
3039,1,140
3040,1,200
3041,1,200
3042,1,0
3043,1,200
3044,1,0
3045,1,0
3046,1,200
3047,1,140
3048,1,140
3049,1,0
3050,1,140
3051,1,140
3052,1,200
3053,1,140
3054,1,200
3055,1,0
3056,1,300
3057,1,0
3058,1,0
3059,1,0
3060,1,140
3061,1,200
3062,1,0
3063,1,0
3064,1,0
3065,1,140
3066,1,140
3067,1,0
3068,1,140
3069,1,140
3070,1,200
3071,1,0
3072,1,140
3073,1,140
3074,1,0
3075,1,200
3076,1,200
3077,1,140
3078,1,0
3079,1,0
3080,1,0
3081,1,0
3082,1,200
3083,1,200
3084,1,240
3085,1,0
3086,1,140
3087,1,0
3088,1,0
3089,1,200
3090,1,200
3091,1,200
3092,1,140
3093,1,200
3094,1,0
3095,1,140
3096,1,300
3097,1,140
3098,1,0
3099,1,200
3100,1,200
3101,1,0
3102,1,140
3103,1,200
3104,1,140
3105,1,140
3106,1,140
3107,1,0
3108,1,200
3109,1,200
3110,1,140
3111,1,0
3112,1,0
3113,1,0
3114,1,0
3115,1,200
3116,1,0
3117,1,200
3118,1,200
3119,1,0
3120,1,140
3121,1,140
3122,1,140
3123,1,140
3124,1,0
3125,1,140
3126,1,140
3127,1,140
3128,1,140
3129,1,0
3130,1,140
3131,1,140
3132,1,200
3133,1,140
3134,1,0
3135,1,0
3136,1,200
3137,1,0
3138,1,0
3139,1,0
3140,1,200
3141,1,0
3142,1,200
3143,1,140
3144,1,0
3145,1,0
3146,1,200
3147,1,140
3148,1,0
3149,1,140
3150,1,0
3151,1,140
3152,1,0
3153,1,200
3154,1,0
3155,1,0
3156,1,200
3157,1,0
3158,1,200
3159,1,140
3160,1,140
3161,1,0
3162,1,0
3163,1,140
3164,1,0
3165,1,0
3166,1,200
3167,1,200
3168,1,140
3169,1,0
3170,1,0
3171,1,140
3172,1,140
3173,1,140
3174,1,0
3175,1,640
3176,1,140
3177,1,200
3178,1,140
3179,1,0
3180,1,0
3181,1,0
3182,1,140
3183,1,0
3184,1,140
3185,1,140
3186,1,200
3187,1,140
3188,1,200
3189,1,0
3190,1,0
3191,1,200
3192,1,0
3193,1,140
3194,1,0
3195,1,0
3196,1,0
3197,1,200
3198,1,140
3199,1,140
3200,1,140
3201,1,140
3202,1,0
3203,1,0
3204,1,200
3205,1,0
3206,1,140
3207,1,0
3208,1,140
3209,1,200
3210,1,200
3211,1,0
3212,1,300
3213,1,0
3214,1,140
3215,1,0
3216,1,0
3217,1,140
3218,1,140
3219,1,140
3220,1,0
3221,1,140
3222,1,0
3223,1,140
3224,1,200
3225,1,200
3226,1,140
3227,1,0
3228,1,140
3229,1,140
3230,1,0
3231,1,300
3232,1,140
3233,1,0
3234,1,140
3235,1,200
3236,1,140
3237,1,140
3238,1,140
3239,1,140
3240,1,0
3241,1,0
3242,1,0
3243,1,200
3244,1,200
3245,1,200
3246,1,0
3247,1,140
3248,1,140
3249,1,140
3250,1,600
3251,1,0
3252,1,140
3253,1,0
3254,1,100
3255,1,140
3256,1,140
3257,1,200
3258,1,140
3259,1,0
3260,1,0
3261,1,200
3262,1,300
3263,1,140
3264,1,140
3265,1,0
3266,1,0
3267,1,140
3268,1,140
3269,1,140
3270,1,0
3271,1,200
3272,1,140
3273,1,140
3274,1,0
3275,1,140
3276,1,0
3277,1,200
3278,1,200
3279,1,0
3280,1,200
3281,1,0
3282,1,140
3283,1,140
3284,1,0
3285,1,0
3286,1,140
3287,1,140
3288,1,140
3289,1,140
3290,1,140
3291,1,140
3292,1,140
3293,1,0
3294,1,200
3295,1,0
3296,1,140
3297,1,200
3298,1,0
3299,1,0
3300,1,140
3301,1,200
3302,1,140
3303,1,140
3304,1,140
3305,1,0
3306,1,140
3307,1,200
3308,1,0
3309,1,140
3310,1,140
3311,1,0
3312,1,0
3313,1,140
3314,1,0
3315,1,0
3316,1,200
3317,1,0
3318,1,140
3319,1,0
3320,1,200
3321,1,0
3322,1,140
3323,1,200
3324,1,0
3325,1,0
3326,1,0
3327,1,140
3328,1,0
3329,1,200
3330,1,0
3331,1,140
3332,1,200
3333,1,0
3334,1,200
3335,1,0
3336,1,200
3337,1,140
3338,1,0
3339,1,0
3340,1,140
3341,1,140
3342,1,200
3343,1,140
3344,1,140
3345,1,0
3346,1,0
3347,1,200
3348,1,0
3349,1,200
3350,1,140
3351,1,0
3352,1,140
3353,1,140
3354,1,0
3355,1,140
3356,1,200
3357,1,140
3358,1,200
3359,1,140
3360,1,0
3361,1,0
3362,1,240
3363,1,140
3364,1,0
3365,1,200
3366,1,200
3367,1,140
3368,1,0
3369,1,0
3370,1,200
3371,1,0
3372,1,140
3373,1,200
3374,1,140
3375,1,140
3376,1,0
3377,1,200
3378,1,0
3379,1,140
3380,1,0
3381,1,140
3382,1,300
3383,1,200
3384,1,0
3385,1,0
3386,1,0
3387,1,0
3388,1,300
3389,1,0
3390,1,0
3391,1,0
3392,1,140
3393,1,140
3394,1,0
3395,1,200
3396,1,0
3397,1,200
3398,1,0
3399,1,140
3400,1,0
3401,1,140
3402,1,140
3403,1,0
3404,1,0
3405,1,0
3406,1,0
3407,1,0
3408,1,0
3409,1,0
3410,1,0
3411,1,0
3412,1,0
3413,1,140
3414,1,200
3415,1,200
3416,1,0
3417,1,140
3418,1,0
3419,1,140
3420,1,700
3421,1,0
3422,1,0
3423,1,0
3424,1,140
3425,1,0
3426,1,0
3427,1,200
3428,1,0
3429,1,140
3430,1,140
3431,1,200
3432,1,300
3433,1,0
3434,1,0
3435,1,200
3436,1,200
3437,1,140
3438,1,0
3439,1,140
3440,1,0
3441,1,140
3442,1,200
3443,1,0
3444,1,140
3445,1,200
3446,1,140
3447,1,200
3448,1,0
3449,1,0
3450,1,200
3451,1,0
3452,1,0
3453,1,0
3454,1,140
3455,1,200
3456,1,200
3457,1,140
3458,1,0
3459,1,0
3460,1,0
3461,1,200
3462,1,0
3463,1,140
3464,1,200
3465,1,140
3466,1,0
3467,1,140
3468,1,200
3469,1,0
3470,1,0
3471,1,200
3472,1,140
3473,1,0
3474,1,200
3475,1,0
3476,1,200
3477,1,140
3478,1,200
3479,1,0
3480,1,0
3481,1,0
3482,1,140
3483,1,0
3484,1,140
3485,1,0
3486,1,140
3487,1,200
3488,1,200
3489,1,140
3490,1,0
3491,1,140
3492,1,0
3493,1,0
3494,1,0
3495,1,0
3496,1,200
3497,1,0
3498,1,140
3499,1,0
3500,1,200
3501,1,140
3502,1,0
3503,1,0
3504,1,200
3505,1,0
3506,1,140
3507,1,0
3508,1,0
3509,1,140
3510,1,0
3511,1,0
3512,1,200
3513,1,300
3514,1,200
3515,1,0
3516,1,0
3517,1,140
3518,1,200
3519,1,140
3520,1,0
3521,1,0
3522,1,140
3523,1,0
3524,1,140
3525,1,0
3526,1,0
3527,1,0
3528,1,0
3529,1,200
3530,1,0
3531,1,140
3532,1,200
3533,1,0
3534,1,0
3535,1,0
3536,1,0
3537,1,200
3538,1,0
3539,1,200
3540,1,140
3541,1,140
3542,1,0
3543,1,0
3544,1,200
3545,1,0
3546,1,0
3547,1,140
3548,1,0
3549,1,0
3550,1,140
3551,1,0
3552,1,140
3553,1,0
3554,1,0
3555,1,0
3556,1,140
3557,1,140
3558,1,200
3559,1,200
3560,1,0
3561,1,200
3562,1,0
3563,1,140
3564,1,200
3565,1,140
3566,1,140
3567,1,140
3568,1,0
3569,1,140
3570,1,200
3571,1,140
3572,1,0
3573,1,140
3574,1,0
3575,1,0
3576,1,0
3577,1,0
3578,1,140
3579,1,0
3580,1,0
3581,1,0
3582,1,0
3583,1,140
3584,1,140
3585,1,0
3586,1,600
3587,1,0
3588,1,140
3589,1,140
3590,1,200
3591,1,200
3592,1,0
3593,1,0
3594,1,0
3595,1,200
3596,1,200
3597,1,0
3598,1,200
3599,1,200
3600,1,0
3601,1,140
3602,1,200
3603,1,140
3604,1,0
3605,1,200
3606,1,0
3607,1,0
3608,1,0
3609,1,140
3610,1,0
3611,1,0
3612,1,0
3613,1,0
3614,1,140
3615,1,2200
3616,1,0
3617,1,140
3618,1,0
3619,1,300
3620,1,140
3621,1,700
3622,1,140
3623,1,0
3624,1,0
3625,1,140
3626,1,140
3627,1,200
3628,1,0
3629,1,200
3630,1,200
3631,1,140
3632,1,0
3633,1,0
3634,1,0
3635,1,140
3636,1,200
3637,1,300
3638,1,200
3639,1,140
3640,1,0
3641,1,0
3642,1,0
3643,1,0
3644,1,200
3645,1,0
3646,1,0
3647,1,0
3648,1,140
3649,1,140
3650,1,0
3651,1,0
3652,1,300
3653,1,200
3654,1,140
3655,1,0
3656,1,200
3657,1,0
3658,1,200
3659,1,200
3660,1,140
3661,1,140
3662,1,0
3663,1,140
3664,1,0
3665,1,0
3666,1,200
3667,1,0
3668,1,0
3669,1,0
3670,1,0
3671,1,0
3672,1,0
3673,1,140
3674,1,140
3675,1,300
3676,1,140
3677,1,0
3678,1,140
3679,1,140
3680,1,0
3681,1,200
3682,1,0
3683,1,0
3684,1,0
3685,1,200
3686,1,0
3687,1,0
3688,1,200
3689,1,0
3690,1,200
3691,1,0
3692,1,200
3693,1,0
3694,1,0
3695,1,200
3696,1,0
3697,1,140
3698,1,0
3699,1,140
3700,1,0
3701,1,300
3702,1,200
3703,1,0
3704,1,140
3705,1,0
3706,1,0
3707,1,0
3708,1,0
3709,1,0
3710,1,0
3711,1,0
3712,1,0
3713,1,0
3714,1,0
3715,1,200
3716,1,0
3717,1,140
3718,1,0
3719,1,0
3720,1,0
3721,1,140
3722,1,140
3723,1,200
3724,1,140
3725,1,0
3726,1,0
3727,1,0
3728,1,0
3729,1,140
3730,1,140
3731,1,0
3732,1,140
3733,1,200
3734,1,0
3735,1,0
3736,1,0
3737,1,200
3738,1,0
3739,1,0
3740,1,140
3741,1,240
3742,1,200
3743,1,0
3744,1,0
3745,1,200
3746,1,200
3747,1,140
3748,1,140
3749,1,0
3750,1,140
3751,1,200
3752,1,0
3753,1,0
3754,1,140
3755,1,0
3756,1,0
3757,1,140
3758,1,200
3759,1,140
3760,1,0
3761,1,140
3762,1,200
3763,1,140
3764,1,0
3765,1,140
3766,1,0
3767,1,0
3768,1,200
3769,1,0
3770,1,0
3771,1,200
3772,1,0
3773,1,0
3774,1,0
3775,1,200
3776,1,0
3777,1,140
3778,1,140
3779,1,0
3780,1,0
3781,1,200
3782,1,0
3783,1,0
3784,1,140
3785,1,0
3786,1,0
3787,1,140
3788,1,200
3789,1,0
3790,1,200
3791,1,0
3792,1,0
3793,1,0
3794,1,140
3795,1,0
3796,1,200
3797,1,0
3798,1,200
3799,1,140
3800,1,0
3801,1,200
3802,1,140
3803,1,0
3804,1,0
3805,1,140
3806,1,240
3807,1,0
3808,1,140
3809,1,140
3810,1,0
3811,1,140
3812,1,0
3813,1,200
3814,1,200
3815,1,0
3816,1,200
3817,1,0
3818,1,0
3819,1,0
3820,1,140
3821,1,0
3822,1,140
3823,1,0
3824,1,240
3825,1,140
3826,1,140
3827,1,140
3828,1,140
3829,1,200
3830,1,300
3831,1,0
3832,1,200
3833,1,0
3834,1,200
3835,1,140
3836,1,140
3837,1,0
3838,1,140
3839,1,200
3840,1,140
3841,1,200
3842,1,200
3843,1,0
3844,1,0
3845,1,0
3846,1,200
3847,1,0
3848,1,140
3849,1,140
3850,1,140
3851,1,200
3852,1,140
3853,1,140
3854,1,140
3855,1,0
3856,1,0
3857,1,140
3858,1,0
3859,1,0
3860,1,140
3861,1,0
3862,1,0
3863,1,140
3864,1,0
3865,1,140
3866,1,300
3867,1,0
3868,1,140
3869,1,140
3870,1,0
3871,1,200
3872,1,0
3873,1,0
3874,1,140
3875,1,0
3876,1,140
3877,1,200
3878,1,200
3879,1,0
3880,1,0
3881,1,200
3882,1,140
3883,1,200
3884,1,0
3885,1,0
3886,1,140
3887,1,0
3888,1,0
3889,1,140
3890,1,0
3891,1,140
3892,1,200
3893,1,0
3894,1,0
3895,1,0
3896,1,0
3897,1,0
3898,1,0
3899,1,0
3900,1,0
3901,1,200
3902,1,140
3903,1,0
3904,1,200
3905,1,200
3906,1,200
3907,1,140
3908,1,0
3909,1,0
3910,1,0
3911,1,0
3912,1,0
3913,1,200
3914,1,200
3915,1,140
3916,1,200
3917,1,140
3918,1,0
3919,1,0
3920,1,200
3921,1,140
3922,1,0
3923,1,0
3924,1,0
3925,1,0
3926,1,140
3927,1,140
3928,1,140
3929,1,200
3930,1,200
3931,1,200
3932,1,200
3933,1,200
3934,1,140
3935,1,0
3936,1,200
3937,1,300
3938,1,140
3939,1,140
3940,1,140
3941,1,0
3942,1,0
3943,1,140
3944,1,140
3945,1,140
3946,1,0
3947,1,0
3948,1,0
3949,1,200
3950,1,140
3951,1,140
3952,1,0
3953,1,140
3954,1,0
3955,1,0
3956,1,0
3957,1,0
3958,1,0
3959,1,0
3960,1,140
3961,1,200
3962,1,0
3963,1,200
3964,1,200
3965,1,0
3966,1,0
3967,1,0
3968,1,140
3969,1,140
3970,1,200
3971,1,140
3972,1,0
3973,1,0
3974,1,0
3975,1,200
3976,1,0
3977,1,0
3978,1,0
3979,1,140
3980,1,0
3981,1,140
3982,1,0
3983,1,0
3984,1,0
3985,1,140
3986,1,300
3987,1,140
3988,1,0
3989,1,0
3990,1,140
3991,1,140
3992,1,0
3993,1,140
3994,1,140
3995,1,140
3996,1,200
3997,1,140
3998,1,0
3999,1,200
4000,1,140
4001,1,0
4002,1,0
4003,1,140
4004,1,0
4005,1,0
4006,1,140
4007,1,0
4008,1,140
4009,1,200
4010,1,140
4011,1,200
4012,1,0
4013,1,200
4014,1,140
4015,1,0
4016,1,200
4017,1,0
4018,1,0
4019,1,200
4020,1,0
4021,1,0
4022,1,0
4023,1,140
4024,1,0
4025,1,200
4026,1,140
4027,1,140
4028,1,200
4029,1,0
4030,1,300
4031,1,200
4032,1,200
4033,1,0
4034,1,0
4035,1,0
4036,1,0
4037,1,0
4038,1,0
4039,1,0
4040,1,200
4041,1,0
4042,1,140
4043,1,200
4044,1,0
4045,1,0
4046,1,0
4047,1,140
4048,1,200
4049,1,200
4050,1,140
4051,1,200
4052,1,0
4053,1,200
4054,1,200
4055,1,140
4056,1,0
4057,1,200
4058,1,0
4059,1,0
4060,1,140
4061,1,200
4062,1,0
4063,1,140
4064,1,0
4065,1,200
4066,1,0
4067,1,200
4068,1,200
4069,1,0
4070,1,140
4071,1,140
4072,1,0
4073,1,0
4074,1,0
4075,1,0
4076,1,0
4077,1,0
4078,1,140
4079,1,140
4080,1,0
4081,1,140
4082,1,200
4083,1,0
4084,1,0
4085,1,0
4086,1,0
4087,1,0
4088,1,200
4089,1,140
4090,1,200
4091,1,140
4092,1,140
4093,1,140
4094,1,0
4095,1,200
4096,1,200
4097,1,0
4098,1,0
4099,1,140
4100,1,140
4101,1,240
4102,1,0
4103,1,0
4104,1,0
4105,1,140
4106,1,200
4107,1,140
4108,1,0
4109,1,200
4110,1,300
4111,1,0
4112,1,0
4113,1,140
4114,1,0
4115,1,140
4116,1,140
4117,1,140
4118,1,0
4119,1,140
4120,1,0
4121,1,140
4122,1,200
4123,1,0
4124,1,0
4125,1,200
4126,1,0
4127,1,140
4128,1,0
4129,1,0
4130,1,0
4131,1,140
4132,1,140
4133,1,140
4134,1,140
4135,1,0
4136,1,140
4137,1,0
4138,1,200
4139,1,200
4140,1,200
4141,1,140
4142,1,0
4143,1,0
4144,1,0
4145,1,200
4146,1,0
4147,1,0
4148,1,0
4149,1,0
4150,1,200
4151,1,200
4152,1,0
4153,1,0
4154,1,140
4155,1,140
4156,1,140
4157,1,200
4158,1,0
4159,1,0
4160,1,200
4161,1,0
4162,1,200
4163,1,0
4164,1,200
4165,1,140
4166,1,0
4167,1,140
4168,1,0
4169,1,0
4170,1,0
4171,1,0
4172,1,0
4173,1,0
4174,1,200
4175,1,140
4176,1,0
4177,1,0
4178,1,140
4179,1,140
4180,1,0
4181,1,0
4182,1,140
4183,1,0
4184,1,200
4185,1,0
4186,1,140
4187,1,0
4188,1,700
4189,1,200
4190,1,0
4191,1,200
4192,1,300
4193,1,0
4194,1,140
4195,1,0
4196,1,0
4197,1,0
4198,1,200
4199,1,0
4200,1,0
4201,1,0
4202,1,200
4203,1,140
4204,1,140
4205,1,0
4206,1,140
4207,1,0
4208,1,140
4209,1,0
4210,1,200
4211,1,0
4212,1,0
4213,1,200
4214,1,140
4215,1,140
4216,1,0
4217,1,140
4218,1,200
4219,1,0
4220,1,0
4221,1,200
4222,1,200
4223,1,200
4224,1,0
4225,1,140
4226,1,200
4227,1,200
4228,1,200
4229,1,200
4230,1,140
4231,1,200
4232,1,140
4233,1,140
4234,1,200
4235,1,140
4236,1,140
4237,1,200
4238,1,140
4239,1,140
4240,1,140
4241,1,0
4242,1,0
4243,1,0
4244,1,200
4245,1,200
4246,1,0
4247,1,700
4248,1,0
4249,1,140
4250,1,200
4251,1,200
4252,1,0
4253,1,140
4254,1,0
4255,1,200
4256,1,200
4257,1,0
4258,1,0
4259,1,0
4260,1,0
4261,1,700
4262,1,0
4263,1,0
4264,1,140
4265,1,0
4266,1,0
4267,1,0
4268,1,0
4269,1,200
4270,1,140
4271,1,0
4272,1,0
4273,1,140
4274,1,300
4275,1,140
4276,1,140
4277,1,200
4278,1,0
4279,1,0
4280,1,140
4281,1,200
4282,1,200
4283,1,140
4284,1,0
4285,1,140
4286,1,0
4287,1,0
4288,1,200
4289,1,140
4290,1,140
4291,1,200
4292,1,240
4293,1,140
4294,1,200
4295,1,200
4296,1,0
4297,1,140
4298,1,140
4299,1,0
4300,1,140
4301,1,140
4302,1,200
4303,1,140
4304,1,0
4305,1,140
4306,1,0
4307,1,200
4308,1,0
4309,1,240
4310,1,200
4311,1,200
4312,1,200
4313,1,0
4314,1,0
4315,1,140
4316,1,140
4317,1,200
4318,1,0
4319,1,140
4320,1,140
4321,1,200
4322,1,0
4323,1,140
4324,1,0
4325,1,0
4326,1,200
4327,1,0
4328,1,0
4329,1,200
4330,1,0
4331,1,200
4332,1,140
4333,1,0
4334,1,0
4335,1,140
4336,1,0
4337,1,140
4338,1,200
4339,1,0
4340,1,140
4341,1,200
4342,1,0
4343,1,140
4344,1,0
4345,1,140
4346,1,140
4347,1,0
4348,1,140
4349,1,140
4350,1,140
4351,1,140
4352,1,200
4353,1,200
4354,1,200
4355,1,140
4356,1,200
4357,1,0
4358,1,140
4359,1,200
4360,1,0
4361,1,140
4362,1,0
4363,1,0
4364,1,0
4365,1,0
4366,1,200
4367,1,140
4368,1,140
4369,1,200
4370,1,200
4371,1,0
4372,1,0
4373,1,140
4374,1,0
4375,1,200
4376,1,140
4377,1,0
4378,1,200
4379,1,0
4380,1,140
4381,1,700
4382,1,300
4383,1,200
4384,1,200
4385,1,200
4386,1,300
4387,1,0
4388,1,0
4389,1,0
4390,1,140
4391,1,600
4392,1,200
4393,1,100
4394,1,140
4395,1,140
4396,1,0
4397,1,0
4398,1,0
4399,1,0
4400,1,0
4401,1,140
4402,1,0
4403,1,140
4404,1,0
4405,1,200
4406,1,200
4407,1,0
4408,1,140
4409,1,140
4410,1,140
4411,1,0
4412,1,0
4413,1,0
4414,1,0
4415,1,140
4416,1,140
4417,1,0
4418,1,0
4419,1,0
4420,1,0
4421,1,140
4422,1,200
4423,1,0
4424,1,0
4425,1,200
4426,1,140
4427,1,200
4428,1,200
4429,1,0
4430,1,140
4431,1,0
4432,1,200
4433,1,0
4434,1,240
4435,1,140
4436,1,0
4437,1,140
4438,1,140
4439,1,0
4440,1,300
4441,1,0
4442,1,140
4443,1,0
4444,1,0
4445,1,140
4446,1,0
4447,1,140
4448,1,0
4449,1,140
4450,1,0
4451,1,200
4452,1,200
4453,1,200
4454,1,200
4455,1,0
4456,1,200
4457,1,140
4458,1,0
4459,1,0
4460,1,140
4461,1,0
4462,1,200
4463,1,0
4464,1,0
4465,1,200
4466,1,140
4467,1,0
4468,1,0
4469,1,200
4470,1,140
4471,1,200
4472,1,140
4473,1,0
4474,1,0
4475,1,0
4476,1,140
4477,1,0
4478,1,0
4479,1,140
4480,1,200
4481,1,200
4482,1,0
4483,1,0
4484,1,140
4485,1,200
4486,1,0
4487,1,0
4488,1,140
4489,1,140
4490,1,0
4491,1,200
4492,1,200
4493,1,0
4494,1,200
4495,1,200
4496,1,140
4497,1,0
4498,1,200
4499,1,0
4500,1,140
4501,1,200
4502,1,140
4503,1,0
4504,1,0
4505,1,200
4506,1,140
4507,1,0
4508,1,0
4509,1,0
4510,1,140
4511,1,200
4512,1,140
4513,1,200
4514,1,0
4515,1,140
4516,1,140
4517,1,140
4518,1,200
4519,1,0
4520,1,0
4521,1,0
4522,1,0
4523,1,200
4524,1,0
4525,1,140
4526,1,0
4527,1,140
4528,1,0
4529,1,140
4530,1,140
4531,1,0
4532,1,140
4533,1,700
4534,1,200
4535,1,0
4536,1,140
4537,1,140
4538,1,0
4539,1,140
4540,1,140
4541,1,0
4542,1,0
4543,1,140
4544,1,0
4545,1,140
4546,1,0
4547,1,0
4548,1,140
4549,1,0
4550,1,140
4551,1,140
4552,1,140
4553,1,0
4554,1,140
4555,1,200
4556,1,200
4557,1,0
4558,1,0
4559,1,0
4560,1,140
4561,1,140
4562,1,0
4563,1,140
4564,1,140
4565,1,200
4566,1,140
4567,1,0
4568,1,140
4569,1,0
4570,1,200
4571,1,140
4572,1,0
4573,1,0
4574,1,200
4575,1,0
4576,1,200
4577,1,0
4578,1,200
4579,1,140
4580,1,0
4581,1,640
4582,1,0
4583,1,200
4584,1,200
4585,1,140
4586,1,200
4587,1,200
4588,1,0
4589,1,200
4590,1,0
4591,1,140
4592,1,140
4593,1,200
4594,1,0
4595,1,0
4596,1,0
4597,1,140
4598,1,240
4599,1,200
4600,1,0
4601,1,140
4602,1,200
4603,1,140
4604,1,200
4605,1,140
4606,1,140
4607,1,0
4608,1,0
4609,1,0
4610,1,140
4611,1,0
4612,1,0
4613,1,0
4614,1,200
4615,1,140
4616,1,140
4617,1,140
4618,1,140
4619,1,140
4620,1,0
4621,1,200
4622,1,0
4623,1,200
4624,1,200
4625,1,0
4626,1,200
4627,1,0
4628,1,200
4629,1,0
4630,1,140
4631,1,140
4632,1,240
4633,1,0
4634,1,0
4635,1,140
4636,1,0
4637,1,0
4638,1,0
4639,1,140
4640,1,0
4641,1,0
4642,1,0
4643,1,140
4644,1,0
4645,1,0
4646,1,0
4647,1,0
4648,1,0
4649,1,140
4650,1,200
4651,1,300
4652,1,140
4653,1,200
4654,1,0
4655,1,0
4656,1,0
4657,1,140
4658,1,140
4659,1,140
4660,1,0
4661,1,0
4662,1,0
4663,1,140
4664,1,0
4665,1,200
4666,1,200
4667,1,0
4668,1,140
4669,1,140
4670,1,140
4671,1,0
4672,1,0
4673,1,0
4674,1,0
4675,1,0
4676,1,0
4677,1,140
4678,1,0
4679,1,140
4680,1,140
4681,1,0
4682,1,0
4683,1,200
4684,1,0
4685,1,200
4686,1,0
4687,1,0
4688,1,0
4689,1,0
4690,1,0
4691,1,0
4692,1,0
4693,1,140
4694,1,0
4695,1,140
4696,1,200
4697,1,0
4698,1,0
4699,1,0
4700,1,240
4701,1,200
4702,1,0
4703,1,0
4704,1,0
4705,1,200
4706,1,0
4707,1,0
4708,1,200
4709,1,200
4710,1,140
4711,1,0
4712,1,0
4713,1,0
4714,1,0
4715,1,0
4716,1,0
4717,1,140
4718,1,0
4719,1,0
4720,1,140
4721,1,200
4722,1,0
4723,1,0
4724,1,0
4725,1,140
4726,1,200
4727,1,200
4728,1,140
4729,1,200
4730,1,0
4731,1,0
4732,1,0
4733,1,200
4734,1,0
4735,1,0
4736,1,0
4737,1,0
4738,1,140
4739,1,0
4740,1,0
4741,1,140
4742,1,200
4743,1,0
4744,1,0
4745,1,140
4746,1,200
4747,1,140
4748,1,0
4749,1,140
4750,1,0
4751,1,0
4752,1,200
4753,1,200
4754,1,140
4755,1,200
4756,1,0
4757,1,0
4758,1,300
4759,1,200
4760,1,200
4761,1,0
4762,1,0
4763,1,200
4764,1,0
4765,1,200
4766,1,0
4767,1,0
4768,1,140
4769,1,200
4770,1,200
4771,1,0
4772,1,240
4773,1,140
4774,1,200
4775,1,0
4776,1,0
4777,1,0
4778,1,0
4779,1,200
4780,1,140
4781,1,240
4782,1,0
4783,1,300
4784,1,140
4785,1,140
4786,1,0
4787,1,0
4788,1,0
4789,1,200
4790,1,0
4791,1,140
4792,1,200
4793,1,140
4794,1,0
4795,1,140
4796,1,0
4797,1,140
4798,1,140
4799,1,0
4800,1,200
4801,1,0
4802,1,200
4803,1,0
4804,1,140
4805,1,140
4806,1,140
4807,1,140
4808,1,0
4809,1,0
4810,1,300
4811,1,200
4812,1,200
4813,1,140
4814,1,140
4815,1,200
4816,1,0
4817,1,0
4818,1,0
4819,1,200
4820,1,200
4821,1,200
4822,1,200
4823,1,300
4824,1,140
4825,1,200
4826,1,140
4827,1,200
4828,1,140
4829,1,140
4830,1,0
4831,1,140
4832,1,140
4833,1,200
4834,1,140
4835,1,200
4836,1,140
4837,1,140
4838,1,140
4839,1,0
4840,1,0
4841,1,200
4842,1,0
4843,1,0
4844,1,0
4845,1,0
4846,1,0
4847,1,140
4848,1,140
4849,1,0
4850,1,140
4851,1,200
4852,1,240
4853,1,0
4854,1,0
4855,1,140
4856,1,140
4857,1,0
4858,1,0
4859,1,0
4860,1,140
4861,1,200
4862,1,200
4863,1,140
4864,1,0
4865,1,140
4866,1,140
4867,1,0
4868,1,0
4869,1,0
4870,1,0
4871,1,200
4872,1,0
4873,1,140
4874,1,0
4875,1,140
4876,1,200
4877,1,200
4878,1,0
4879,1,200
4880,1,300
4881,1,0
4882,1,0
4883,1,0
4884,1,0
4885,1,140
4886,1,140
4887,1,0
4888,1,200
4889,1,0
4890,1,0
4891,1,200
4892,1,140
4893,1,0
4894,1,200
4895,1,0
4896,1,140
4897,1,0
4898,1,0
4899,1,200
4900,1,0
4901,1,140
4902,1,140
4903,1,240
4904,1,140
4905,1,200
4906,1,0
4907,1,0
4908,1,0
4909,1,0
4910,1,200
4911,1,0
4912,1,200
4913,1,0
4914,1,0
4915,1,0
4916,1,0
4917,1,140
4918,1,0
4919,1,0
4920,1,140
4921,1,140
4922,1,200
4923,1,200
4924,1,140
4925,1,100
4926,1,140
4927,1,140
4928,1,200
4929,1,0
4930,1,0
4931,1,140
4932,1,0
4933,1,200
4934,1,0
4935,1,140
4936,1,200
4937,1,140
4938,1,0
4939,1,0
4940,1,0
4941,1,0
4942,1,200
4943,1,140
4944,1,200
4945,1,0
4946,1,200
4947,1,0
4948,1,0
4949,1,140
4950,1,0
4951,1,140
4952,1,0
4953,1,140
4954,1,200
4955,1,200
4956,1,140
4957,1,140
4958,1,200
4959,1,0
4960,1,0
4961,1,0
4962,1,200
4963,1,0
4964,1,140
4965,1,0
4966,1,140
4967,1,200
4968,1,140
4969,1,0
4970,1,0
4971,1,0
4972,1,0
4973,1,200
4974,1,0
4975,1,600
4976,1,0
4977,1,0
4978,1,300
4979,1,140
4980,1,200
4981,1,0
4982,1,0
4983,1,140
4984,1,0
4985,1,0
4986,1,140
4987,1,0
4988,1,140
4989,1,0
4990,1,200
4991,1,140
4992,1,0
4993,1,0
4994,1,0
4995,1,0
4996,1,140
4997,1,140
4998,1,200
4999,1,140
5000,1,0
5001,1,0
5002,1,140
5003,1,0
5004,1,0
5005,1,200
5006,1,0
5007,1,0
5008,1,200
5009,1,0
5010,1,200
5011,1,140
5012,1,140
5013,1,0
5014,1,0
5015,1,140
5016,1,140
5017,1,140
5018,1,0
5019,1,300
5020,1,200
5021,1,0
5022,1,140
5023,1,140
5024,1,0
5025,1,0
5026,1,140
5027,1,0
5028,1,200
5029,1,140
5030,1,0
5031,1,0
5032,1,0
5033,1,0
5034,1,140
5035,1,140
5036,1,0
5037,1,140
5038,1,240
5039,1,0
5040,1,200
5041,1,140
5042,1,140
5043,1,140
5044,1,0
5045,1,0
5046,1,200
5047,1,140
5048,1,0
5049,1,140
5050,1,200
5051,1,140
5052,1,0
5053,1,200
5054,1,0
5055,1,0
5056,1,200
5057,1,0
5058,1,200
5059,1,140
5060,1,140
5061,1,0
5062,1,0
5063,1,140
5064,1,140
5065,1,140
5066,1,140
5067,1,240
5068,1,0
5069,1,140
5070,1,140
5071,1,140
5072,1,140
5073,1,140
5074,1,200
5075,1,0
5076,1,0
5077,1,0
5078,1,140
5079,1,0
5080,1,0
5081,1,140
5082,1,140
5083,1,0
5084,1,140
5085,1,200
5086,1,140
5087,1,0
5088,1,0
5089,1,140
5090,1,0
5091,1,0
5092,1,0
5093,1,0
5094,1,140
5095,1,300
5096,1,0
5097,1,200
5098,1,200
5099,1,200
5100,1,140
5101,1,200
5102,1,200
5103,1,200
5104,1,0
5105,1,140
5106,1,0
5107,1,200
5108,1,0
5109,1,140
5110,1,240
5111,1,200
5112,1,300
5113,1,200
5114,1,700
5115,1,200
5116,1,140
5117,1,200
5118,1,600
5119,1,140
5120,1,0
5121,1,0
5122,1,140
5123,1,0
5124,1,200
5125,1,140
5126,1,140
5127,1,200
5128,1,140
5129,1,200
5130,1,0
5131,1,200
5132,1,240
5133,1,200
5134,1,140
5135,1,0
5136,1,0
5137,1,0
5138,1,140
5139,1,200
5140,1,200
5141,1,0
5142,1,140
5143,1,200
5144,1,0
5145,1,0
5146,1,0
5147,1,0
5148,1,200
5149,1,0
5150,1,140
5151,1,0
5152,1,140
5153,1,140
5154,1,0
5155,1,140
5156,1,0
5157,1,200
5158,1,300
5159,1,0
5160,1,200
5161,1,0
5162,1,300
5163,1,140
5164,1,140
5165,1,0
5166,1,0
5167,1,200
5168,1,0
5169,1,0
5170,1,200
5171,1,0
5172,1,200
5173,1,200
5174,1,0
5175,1,200
5176,1,300
5177,1,0
5178,1,0
5179,1,0
5180,1,140
5181,1,200
5182,1,0
5183,1,0
5184,1,0
5185,1,0
5186,1,200
5187,1,140
5188,1,140
5189,1,140
5190,1,140
5191,1,200
5192,1,0
5193,1,0
5194,1,0
5195,1,0
5196,1,0
5197,1,140
5198,1,0
5199,1,140
5200,1,0
5201,1,140
5202,1,140
5203,1,0
5204,1,140
5205,1,0
5206,1,140
5207,1,0
5208,1,200
5209,1,0
5210,1,0
5211,1,140
5212,1,0
5213,1,0
5214,1,200
5215,1,200
5216,1,0
5217,1,140
5218,1,140
5219,1,140
5220,1,200
5221,1,140
5222,1,0
5223,1,0
5224,1,200
5225,1,200
5226,1,200
5227,1,140
5228,1,140
5229,1,200
5230,1,200
5231,1,0
5232,1,0
5233,1,140
5234,1,0
5235,1,140
5236,1,140
5237,1,200
5238,1,0
5239,1,0
5240,1,300
5241,1,140
5242,1,0
5243,1,140
5244,1,140
5245,1,0
5246,1,0
5247,1,140
5248,1,200
5249,1,140
5250,1,0
5251,1,0
5252,1,0
5253,1,0
5254,1,140
5255,1,200
5256,1,200
5257,1,200
5258,1,0
5259,1,140
5260,1,140
5261,1,200
5262,1,0
5263,1,140
5264,1,0
5265,1,140
5266,1,140
5267,1,200
5268,1,140
5269,1,140
5270,1,0
5271,1,0
5272,1,140
5273,1,140
5274,1,200
5275,1,140
5276,1,0
5277,1,140
5278,1,140
5279,1,0
5280,1,0
5281,1,0
5282,1,0
5283,1,0
5284,1,200
5285,1,0
5286,1,140
5287,1,140
5288,1,140
5289,1,300
5290,1,0
5291,1,0
5292,1,0
5293,1,0
5294,1,0
5295,1,0
5296,1,140
5297,1,140
5298,1,0
5299,1,140
5300,1,0
5301,1,200
5302,1,140
5303,1,0
5304,1,0
5305,1,200
5306,1,0
5307,1,140
5308,1,200
5309,1,200
5310,1,0
5311,1,140
5312,1,200
5313,1,0
5314,1,140
5315,1,0
5316,1,140
5317,1,0
5318,1,140
5319,1,140
5320,1,200
5321,1,0
5322,1,200
5323,1,0
5324,1,200
5325,1,140
5326,1,200
5327,1,0
5328,1,0
5329,1,140
5330,1,0
5331,1,140
5332,1,140
5333,1,0
5334,1,140
5335,1,0
5336,1,0
5337,1,0
5338,1,0
5339,1,0
5340,1,0
5341,1,140
5342,1,0
5343,1,140
5344,1,0
5345,1,140
5346,1,200
5347,1,140
5348,1,0
5349,1,140
5350,1,0
5351,1,200
5352,1,240
5353,1,140
5354,1,200
5355,1,200
5356,1,0
5357,1,140
5358,1,0
5359,1,140
5360,1,0
5361,1,0
5362,1,200
5363,1,0
5364,1,0
5365,1,140
5366,1,200
5367,1,140
5368,1,140
5369,1,140
5370,1,200
5371,1,140
5372,1,0
5373,1,200
5374,1,0
5375,1,0
5376,1,140
5377,1,0
5378,1,200
5379,1,0
5380,1,140
5381,1,0
5382,1,240
5383,1,0
5384,1,0
5385,1,140
5386,1,0
5387,1,0
5388,1,200
5389,1,0
5390,1,200
5391,1,0
5392,1,0
5393,1,140
5394,1,0
5395,1,140
5396,1,0
5397,1,140
5398,1,140
5399,1,0
5400,1,140
5401,1,0
5402,1,140
5403,1,0
5404,1,0
5405,1,200
5406,1,200
5407,1,0
5408,1,140
5409,1,0
5410,1,0
5411,1,200
5412,1,0
5413,1,140
5414,1,0
5415,1,200
5416,1,0
5417,1,0
5418,1,0
5419,1,140
5420,1,0
5421,1,140
5422,1,0
5423,1,0
5424,1,200
5425,1,0
5426,1,0
5427,1,140
5428,1,300
5429,1,0
5430,1,200
5431,1,0
5432,1,0
5433,1,0
5434,1,300
5435,1,200
5436,1,140
5437,1,200
5438,1,0
5439,1,200
5440,1,140
5441,1,140
5442,1,0
5443,1,200
5444,1,0
5445,1,0
5446,1,140
5447,1,200
5448,1,0
5449,1,0
5450,1,200
5451,1,0
5452,1,140
5453,1,0
5454,1,0
5455,1,140
5456,1,0
5457,1,140
5458,1,200
5459,1,0
5460,1,140
5461,1,0
5462,1,140
5463,1,0
5464,1,200
5465,1,300
5466,1,0
5467,1,140
5468,1,0
5469,1,0
5470,1,0
5471,1,0
5472,1,140
5473,1,0
5474,1,0
5475,1,0
5476,1,200
5477,1,0
5478,1,0
5479,1,0
5480,1,140
5481,1,200
5482,1,0
5483,1,0
5484,1,0
5485,1,200
5486,1,0
5487,1,0
5488,1,140
5489,1,200
5490,1,0
5491,1,0
5492,1,140
5493,1,0
5494,1,0
5495,1,0
5496,1,140
5497,1,200
5498,1,140
5499,1,140
5500,1,0
5501,1,0
5502,1,140
5503,1,0
5504,1,0
5505,1,200
5506,1,140
5507,1,0
5508,1,0
5509,1,140
5510,1,200
5511,1,200
5512,1,300
5513,1,140
5514,1,140
5515,1,0
5516,1,0
5517,1,0
5518,1,0
5519,1,200
5520,1,140
5521,1,0
5522,1,200
5523,1,200
5524,1,0
5525,1,200
5526,1,140
5527,1,0
5528,1,300
5529,1,140
5530,1,200
5531,1,0
5532,1,0
5533,1,0
5534,1,0
5535,1,200
5536,1,0
5537,1,0
5538,1,140
5539,1,0
5540,1,200
5541,1,0
5542,1,140
5543,1,140
5544,1,0
5545,1,0
5546,1,0
5547,1,0
5548,1,200
5549,1,200
5550,1,0
5551,1,200
5552,1,0
5553,1,0
5554,1,200
5555,1,140
5556,1,0
5557,1,140
5558,1,0
5559,1,0
5560,1,140
5561,1,200
5562,1,0
5563,1,0
5564,1,0
5565,1,140
5566,1,140
5567,1,0
5568,1,200
5569,1,0
5570,1,140
5571,1,140
5572,1,0
5573,1,140
5574,1,0
5575,1,0
5576,1,140
5577,1,0
5578,1,200
5579,1,300
5580,1,140
5581,1,140
5582,1,140
5583,1,0
5584,1,0
5585,1,140
5586,1,0
5587,1,0
5588,1,0
5589,1,140
5590,1,140
5591,1,240
5592,1,140
5593,1,0
5594,1,0
5595,1,140
5596,1,140
5597,1,140
5598,1,0
5599,1,140
5600,1,0
5601,1,0
5602,1,0
5603,1,140
5604,1,140
5605,1,200
5606,1,0
5607,1,0
5608,1,0
5609,1,200
5610,1,0
5611,1,0
5612,1,0
5613,1,140
5614,1,0
5615,1,140
5616,1,140
5617,1,0
5618,1,140
5619,1,140
5620,1,600
5621,1,140
5622,1,140
5623,1,200
5624,1,140
5625,1,140
5626,1,0
5627,1,140
5628,1,140
5629,1,200
5630,1,140
5631,1,140
5632,1,700
5633,1,140
5634,1,140
5635,1,200
5636,1,200
5637,1,0
5638,1,0
5639,1,140
5640,1,140
5641,1,0
5642,1,140
5643,1,200
5644,1,0
5645,1,0
5646,1,140
5647,1,0
5648,1,0
5649,1,0
5650,1,140
5651,1,200
5652,1,0
5653,1,0
5654,1,0
5655,1,140
5656,1,140
5657,1,300
5658,1,140
5659,1,140
5660,1,140
5661,1,200
5662,1,140
5663,1,200
5664,1,0
5665,1,140
5666,1,0
5667,1,0
5668,1,140
5669,1,140
5670,1,200
5671,1,100
5672,1,0
5673,1,0
5674,1,140
5675,1,0
5676,1,140
5677,1,0
5678,1,140
5679,1,140
5680,1,0
5681,1,200
5682,1,0
5683,1,0
5684,1,240
5685,1,300
5686,1,200
5687,1,0
5688,1,0
5689,1,0
5690,1,0
5691,1,140
5692,1,0
5693,1,0
5694,1,0
5695,1,0
5696,1,140
5697,1,0
5698,1,0
5699,1,0
5700,1,140
5701,1,140
5702,1,0
5703,1,140
5704,1,0
5705,1,0
5706,1,200
5707,1,0
5708,1,140
5709,1,0
5710,1,0
5711,1,200
5712,1,0
5713,1,0
5714,1,200
5715,1,200
5716,1,140
5717,1,140
5718,1,0
5719,1,200
5720,1,0
5721,1,140
5722,1,140
5723,1,0
5724,1,140
5725,1,200
5726,1,0
5727,1,0
5728,1,0
5729,1,140
5730,1,140
5731,1,240
5732,1,0
5733,1,140
5734,1,0
5735,1,0
5736,1,140
5737,1,0
5738,1,140
5739,1,0
5740,1,0
5741,1,0
5742,1,140
5743,1,0
5744,1,200
5745,1,0
5746,1,0
5747,1,0
5748,1,140
5749,1,140
5750,1,0
5751,1,140
5752,1,200
5753,1,0
5754,1,140
5755,1,0
5756,1,140
5757,1,0
5758,1,0
5759,1,0
5760,1,0
5761,1,0
5762,1,140
5763,1,140
5764,1,0
5765,1,0
5766,1,0
5767,1,0
5768,1,0
5769,1,200
5770,1,140
5771,1,0
5772,1,0
5773,1,300
5774,1,200
5775,1,140
5776,1,140
5777,1,140
5778,1,240
5779,1,200
5780,1,0
5781,1,0
5782,1,200
5783,1,0
5784,1,0
5785,1,0
5786,1,0
5787,1,140
5788,1,0
5789,1,0
5790,1,140
5791,1,0
5792,1,0
5793,1,140
5794,1,140
5795,1,0
5796,1,0
5797,1,0
5798,1,200
5799,1,200
5800,1,140
5801,1,200
5802,1,200
5803,1,240
5804,1,140
5805,1,140
5806,1,200
5807,1,0
5808,1,200
5809,1,140
5810,1,200
5811,1,0
5812,1,0
5813,1,200
5814,1,140
5815,1,140
5816,1,0
5817,1,0
5818,1,140
5819,1,140
5820,1,140
5821,1,0
5822,1,0
5823,1,0
5824,1,200
5825,1,200
5826,1,200
5827,1,140
5828,1,200
5829,1,0
5830,1,0
5831,1,200
5832,1,300
5833,1,200
5834,1,0
5835,1,140
5836,1,140
5837,1,0
5838,1,140
5839,1,200
5840,1,0
5841,1,140
5842,1,140
5843,1,140
5844,1,140
5845,1,0
5846,1,200
5847,1,0
5848,1,140
5849,1,0
5850,1,140
5851,1,0
5852,1,300
5853,1,140
5854,1,200
5855,1,0
5856,1,0
5857,1,140
5858,1,140
5859,1,0
5860,1,240
5861,1,200
5862,1,200
5863,1,140
5864,1,0
5865,1,0
5866,1,200
5867,1,140
5868,1,140
5869,1,140
5870,1,0
5871,1,240
5872,1,140
5873,1,0
5874,1,200
5875,1,200
5876,1,0
5877,1,0
5878,1,0
5879,1,0
5880,1,0
5881,1,140
5882,1,140
5883,1,0
5884,1,200
5885,1,140
5886,1,140
5887,1,140
5888,1,140
5889,1,140
5890,1,0
5891,1,200
5892,1,140
5893,1,0
5894,1,0
5895,1,0
5896,1,540
5897,1,0
5898,1,0
5899,1,0
5900,1,0
5901,1,0
5902,1,0
5903,1,0
5904,1,700
5905,1,140
5906,1,140
5907,1,200
5908,1,140
5909,1,140
5910,1,140
5911,1,140
5912,1,200
5913,1,0
5914,1,0
5915,1,0
5916,1,140
5917,1,140
5918,1,140
5919,1,0
5920,1,300
5921,1,140
5922,1,0
5923,1,0
5924,1,0
5925,1,0
5926,1,200
5927,1,0
5928,1,0
5929,1,200
5930,1,140
5931,1,140
5932,1,0
5933,1,140
5934,1,200
5935,1,0
5936,1,140
5937,1,200
5938,1,0
5939,1,140
5940,1,0
5941,1,0
5942,1,140
5943,1,140
5944,1,0
5945,1,0
5946,1,0
5947,1,140
5948,1,0
5949,1,140
5950,1,140
5951,1,0
5952,1,0
5953,1,140
5954,1,140
5955,1,200
5956,1,600
5957,1,140
5958,1,140
5959,1,0
5960,1,300
5961,1,200
5962,1,200
5963,1,200
5964,1,140
5965,1,0
5966,1,140
5967,1,0
5968,1,140
5969,1,0
5970,1,140
5971,1,0
5972,1,0
5973,1,0
5974,1,0
5975,1,0
5976,1,0
5977,1,0
5978,1,0
5979,1,0
5980,1,140
5981,1,0
5982,1,200
5983,1,200
5984,1,300
5985,1,200
5986,1,0
5987,1,200
5988,1,0
5989,1,140
5990,1,240
5991,1,140
5992,1,200
5993,1,0
5994,1,0
5995,1,140
5996,1,140
5997,1,200
5998,1,140
5999,1,200
6000,1,200
6001,1,0
6002,1,140
6003,1,0
6004,1,0
6005,1,200
6006,1,140
6007,1,0
6008,1,0
6009,1,200
6010,1,140
6011,1,140
6012,1,140
6013,1,0
6014,1,140
6015,1,0
6016,1,0
6017,1,0
6018,1,0
6019,1,0
6020,1,140
6021,1,140
6022,1,0
6023,1,0
6024,1,140
6025,1,0
6026,1,140
6027,1,140
6028,1,0
6029,1,140
6030,1,0
6031,1,140
6032,1,240
6033,1,0
6034,1,0
6035,1,0
6036,1,0
6037,1,0
6038,1,140
6039,1,0
6040,1,200
6041,1,140
6042,1,200
6043,1,0
6044,1,140
6045,1,0
6046,1,140
6047,1,0
6048,1,140
6049,1,200
6050,1,0
6051,1,0
6052,1,0
6053,1,140
6054,1,200
6055,1,0
6056,1,0
6057,1,140
6058,1,200
6059,1,140
6060,1,200
6061,1,140
6062,1,0
6063,1,140
6064,1,140
6065,1,0
6066,1,200
6067,1,140
6068,1,0
6069,1,200
6070,1,200
6071,1,0
6072,1,140
6073,1,200
6074,1,0
6075,1,0
6076,1,140
6077,1,0
6078,1,140
6079,1,140
6080,1,200
6081,1,140
6082,1,140
6083,1,0
6084,1,140
6085,1,0
6086,1,200
6087,1,140
6088,1,200
6089,1,0
6090,1,0
6091,1,200
6092,1,0
6093,1,0
6094,1,140
6095,1,0
6096,1,140
6097,1,140
6098,1,140
6099,1,140
6100,1,140
6101,1,0
6102,1,0
6103,1,0
6104,1,200
6105,1,140
6106,1,0
6107,1,0
6108,1,200
6109,1,140
6110,1,240
6111,1,140
6112,1,0
6113,1,200
6114,1,0
6115,1,140
6116,1,140
6117,1,200
6118,1,200
6119,1,140
6120,1,0
6121,1,0
6122,1,0
6123,1,0
6124,1,0
6125,1,140
6126,1,0
6127,1,200
6128,1,0
6129,1,0
6130,1,140
6131,1,0
6132,1,0
6133,1,0
6134,1,0
6135,1,140
6136,1,200
6137,1,0
6138,1,140
6139,1,140
6140,1,200
6141,1,200
6142,1,140
6143,1,140
6144,1,0
6145,1,140
6146,1,140
6147,1,140
6148,1,200
6149,1,200
6150,1,0
6151,1,240
6152,1,0
6153,1,0
6154,1,600
6155,1,0
6156,1,0
6157,1,200
6158,1,0
6159,1,0
6160,1,0
6161,1,200
6162,1,140
6163,1,0
6164,1,200
6165,1,0
6166,1,0
6167,1,200
6168,1,0
6169,1,200
6170,1,0
6171,1,0
6172,1,140
6173,1,200
6174,1,0
6175,1,140
6176,1,0
6177,1,0
6178,1,0
6179,1,200
6180,1,140
6181,1,200
6182,1,0
6183,1,200
6184,1,0
6185,1,140
6186,1,140
6187,1,0
6188,1,200
6189,1,140
6190,1,200
6191,1,0
6192,1,0
6193,1,0
6194,1,140
6195,1,0
6196,1,0
6197,1,0
6198,1,0
6199,1,140
6200,1,0
6201,1,140
6202,1,140
6203,1,0
6204,1,0
6205,1,0
6206,1,0
6207,1,0
6208,1,0
6209,1,300
6210,1,0
6211,1,0
6212,1,140
6213,1,200
6214,1,140
6215,1,0
6216,1,140
6217,1,0
6218,1,140
6219,1,0
6220,1,0
6221,1,300
6222,1,140
6223,1,0
6224,1,140
6225,1,0
6226,1,140
6227,1,200
6228,1,140
6229,1,0
6230,1,140
6231,1,0
6232,1,0
6233,1,0
6234,1,140
6235,1,140
6236,1,200
6237,1,140
6238,1,0
6239,1,140
6240,1,140
6241,1,0
6242,1,140
6243,1,0
6244,1,0
6245,1,140
6246,1,300
6247,1,200
6248,1,140
6249,1,140
6250,1,0
6251,1,200
6252,1,140
6253,1,200
6254,1,0
6255,1,140
6256,1,200
6257,1,140
6258,1,200
6259,1,140
6260,1,200
6261,1,140
6262,1,0
6263,1,0
6264,1,140
6265,1,0
6266,1,300
6267,1,0
6268,1,0
6269,1,0
6270,1,200
6271,1,140
6272,1,200
6273,1,0
6274,1,0
6275,1,200
6276,1,0
6277,1,200
6278,1,140
6279,1,140
6280,1,0
6281,1,0
6282,1,0
6283,1,0
6284,1,0
6285,1,0
6286,1,0
6287,1,0
6288,1,140
6289,1,200
6290,1,200
6291,1,140
6292,1,140
6293,1,140
6294,1,0
6295,1,140
6296,1,140
6297,1,140
6298,1,200
6299,1,140
6300,1,200
6301,1,0
6302,1,200
6303,1,0
6304,1,0
6305,1,0
6306,1,140
6307,1,200
6308,1,0
6309,1,200
6310,1,140
6311,1,140
6312,1,140
6313,1,200
6314,1,0
6315,1,140
6316,1,0
6317,1,140
6318,1,0
6319,1,200
6320,1,200
6321,1,0
6322,1,300
6323,1,0
6324,1,200
6325,1,140
6326,1,300
6327,1,140
6328,1,0
6329,1,0
6330,1,0
6331,1,140
6332,1,200
6333,1,200
6334,1,140
6335,1,0
6336,1,200
6337,1,0
6338,1,140
6339,1,200
6340,1,0
6341,1,140
6342,1,140
6343,1,0
6344,1,0
6345,1,200
6346,1,2200
6347,1,0
6348,1,200
6349,1,200
6350,1,0
6351,1,200
6352,1,200
6353,1,200
6354,1,0
6355,1,200
6356,1,0
6357,1,140
6358,1,200
6359,1,140
6360,1,0
6361,1,200
6362,1,0
6363,1,200
6364,1,200
6365,1,200
6366,1,140
6367,1,0
6368,1,140
6369,1,0
6370,1,140
6371,1,0
6372,1,0
6373,1,0
6374,1,0
6375,1,140
6376,1,140
6377,1,140
6378,1,140
6379,1,0
6380,1,0
6381,1,200
6382,1,140
6383,1,0
6384,1,0
6385,1,200
6386,1,140
6387,1,140
6388,1,140
6389,1,0
6390,1,200
6391,1,0
6392,1,140
6393,1,0
6394,1,200
6395,1,0
6396,1,240
6397,1,300
6398,1,140
6399,1,140
6400,1,140
6401,1,0
6402,1,0
6403,1,0
6404,1,0
6405,1,140
6406,1,140
6407,1,140
6408,1,0
6409,1,0
6410,1,0
6411,1,140
6412,1,140
6413,1,0
6414,1,0
6415,1,0
6416,1,0
6417,1,300
6418,1,0
6419,1,140
6420,1,140
6421,1,0
6422,1,200
6423,1,200
6424,1,140
6425,1,200
6426,1,0
6427,1,140
6428,1,140
6429,1,0
6430,1,140
6431,1,200
6432,1,300
6433,1,0
6434,1,200
6435,1,240
6436,1,0
6437,1,200
6438,1,140
6439,1,0
6440,1,140
6441,1,200
6442,1,140
6443,1,0
6444,1,0
6445,1,0
6446,1,140
6447,1,200
6448,1,0
6449,1,140
6450,1,0
6451,1,0
6452,1,0
6453,1,0
6454,1,0
6455,1,140
6456,1,200
6457,1,0
6458,1,140
6459,1,0
6460,1,140
6461,1,0
6462,1,200
6463,1,0
6464,1,0
6465,1,0
6466,1,0
6467,1,200
6468,1,0
6469,1,0
6470,1,140
6471,1,300
6472,1,0
6473,1,100
6474,1,0
6475,1,0
6476,1,200
6477,1,140
6478,1,140
6479,1,0
6480,1,0
6481,1,0
6482,1,0
6483,1,300
6484,1,200
6485,1,0
6486,1,140
6487,1,140
6488,1,0
6489,1,0
6490,1,0
6491,1,200
6492,1,200
6493,1,140
6494,1,0
6495,1,200
6496,1,0
6497,1,140
6498,1,0
6499,1,0
6500,1,200
6501,1,0
6502,1,0
6503,1,140
6504,1,0
6505,1,0
6506,1,140
6507,1,0
6508,1,0
6509,1,0
6510,1,0
6511,1,300
6512,1,200
6513,1,0
6514,1,140
6515,1,140
6516,1,0
6517,1,200
6518,1,0
6519,1,200
6520,1,0
6521,1,0
6522,1,140
6523,1,200
6524,1,300
6525,1,0
6526,1,140
6527,1,0
6528,1,0
6529,1,140
6530,1,140
6531,1,0
6532,1,0
6533,1,140
6534,1,200
6535,1,0
6536,1,200
6537,1,140
6538,1,200
6539,1,0
6540,1,140
6541,1,200
6542,1,200
6543,1,140
6544,1,0
6545,1,200
6546,1,0
6547,1,0
6548,1,140
6549,1,140
6550,1,140
6551,1,140
6552,1,200
6553,1,200
6554,1,200
6555,1,0
6556,1,0
6557,1,0
6558,1,140
6559,1,200
6560,1,140
6561,1,140
6562,1,140
6563,1,0
6564,1,140
6565,1,0
6566,1,140
6567,1,140
6568,1,0
6569,1,140
6570,1,200
6571,1,200
6572,1,0
6573,1,200
6574,1,540
6575,1,0
6576,1,140
6577,1,140
6578,1,0
6579,1,140
6580,1,0
6581,1,0
6582,1,0
6583,1,0
6584,1,140
6585,1,140
6586,1,300
6587,1,0
6588,1,0
6589,1,0
6590,1,0
6591,1,0
6592,1,140
6593,1,140
6594,1,0
6595,1,140
6596,1,140
6597,1,140
6598,1,0
6599,1,140
6600,1,0
6601,1,140
6602,1,0
6603,1,0
6604,1,140
6605,1,0
6606,1,0
6607,1,200
6608,1,0
6609,1,0
6610,1,0
6611,1,0
6612,1,0
6613,1,200
6614,1,140
6615,1,0
6616,1,0
6617,1,0
6618,1,200
6619,1,0
6620,1,0
6621,1,140
6622,1,140
6623,1,140
6624,1,0
6625,1,0
6626,1,0
6627,1,0
6628,1,0
6629,1,0
6630,1,200
6631,1,0
6632,1,200
6633,1,200
6634,1,140
6635,1,0
6636,1,0
6637,1,0
6638,1,140
6639,1,0
6640,1,140
6641,1,140
6642,1,140
6643,1,0
6644,1,140
6645,1,100
6646,1,140
6647,1,0
6648,1,200
6649,1,200
6650,1,140
6651,1,200
6652,1,140
6653,1,140
6654,1,140
6655,1,0
6656,1,0
6657,1,0
6658,1,140
6659,1,0
6660,1,200
6661,1,200
6662,1,0
6663,1,140
6664,1,0
6665,1,0
6666,1,0
6667,1,0
6668,1,140
6669,1,0
6670,1,140
6671,1,0
6672,1,0
6673,1,300
6674,1,140
6675,1,300
6676,1,200
6677,1,140
6678,1,140
6679,1,200
6680,1,0
6681,1,0
6682,1,140
6683,1,140
6684,1,0
6685,1,0
6686,1,140
6687,1,140
6688,1,200
6689,1,0
6690,1,200
6691,1,0
6692,1,300
6693,1,0
6694,1,200
6695,1,0
6696,1,200
6697,1,0
6698,1,140
6699,1,200
6700,1,0
6701,1,0
6702,1,140
6703,1,0
6704,1,200
6705,1,0
6706,1,0
6707,1,0
6708,1,140
6709,1,200
6710,1,140
6711,1,200
6712,1,140
6713,1,0
6714,1,0
6715,1,200
6716,1,0
6717,1,0
6718,1,0
6719,1,140
6720,1,0
6721,1,0
6722,1,140
6723,1,0
6724,1,200
6725,1,0
6726,1,200
6727,1,0
6728,1,140
6729,1,200
6730,1,200
6731,1,0
6732,1,200
6733,1,200
6734,1,140
6735,1,0
6736,1,140
6737,1,0
6738,1,300
6739,1,200
6740,1,0
6741,1,200
6742,1,0
6743,1,200
6744,1,0
6745,1,0
6746,1,0
6747,1,0
6748,1,0
6749,1,140
6750,1,0
6751,1,140
6752,1,200
6753,1,0
6754,1,0
6755,1,200
6756,1,0
6757,1,0
6758,1,140
6759,1,140
6760,1,0
6761,1,0
6762,1,200
6763,1,0
6764,1,0
6765,1,140
6766,1,140
6767,1,0
6768,1,200
6769,1,140
6770,1,300
6771,1,0
6772,1,0
6773,1,0
6774,1,140
6775,1,200
6776,1,140
6777,1,0
6778,1,140
6779,1,0
6780,1,140
6781,1,200
6782,1,140
6783,1,200
6784,1,0
6785,1,0
6786,1,140
6787,1,0
6788,1,200
6789,1,200
6790,1,0
6791,1,200
6792,1,200
6793,1,140
6794,1,0
6795,1,0
6796,1,140
6797,1,0
6798,1,0
6799,1,200
6800,1,140
6801,1,200
6802,1,140
6803,1,0
6804,1,240
6805,1,140
6806,1,200
6807,1,0
6808,1,0
6809,1,140
6810,1,0
6811,1,200
6812,1,140
6813,1,0
6814,1,0
6815,1,200
6816,1,140
6817,1,0
6818,1,0
6819,1,0
6820,1,0
6821,1,0
6822,1,200
6823,1,0
6824,1,0
6825,1,0
6826,1,0
6827,1,140
6828,1,140
6829,1,0
6830,1,0
6831,1,140
6832,1,140
6833,1,200
6834,1,140
6835,1,140
6836,1,140
6837,1,0
6838,1,140
6839,1,0
6840,1,0
6841,1,140
6842,1,140
6843,1,0
6844,1,0
6845,1,0
6846,1,0
6847,1,0
6848,1,0
6849,1,140
6850,1,0
6851,1,200
6852,1,0
6853,1,200
6854,1,0
6855,1,200
6856,1,0
6857,1,0
6858,1,140
6859,1,200
6860,1,0
6861,1,140
6862,1,0
6863,1,0
6864,1,0
6865,1,0
6866,1,140
6867,1,300
6868,1,0
6869,1,0
6870,1,0
6871,1,140
6872,1,0
6873,1,0
6874,1,140
6875,1,0
6876,1,0
6877,1,140
6878,1,200
6879,1,200
6880,1,200
6881,1,0
6882,1,200
6883,1,140
6884,1,0
6885,1,200
6886,1,0
6887,1,140
6888,1,200
6889,1,200
6890,1,140
6891,1,200
6892,1,0
6893,1,140
6894,1,0
6895,1,140
6896,1,0
6897,1,200
6898,1,140
6899,1,140
6900,1,0
6901,1,0
6902,1,0
6903,1,0
6904,1,200
6905,1,0
6906,1,200
6907,1,0
6908,1,200
6909,1,140
6910,1,0
6911,1,140
6912,1,140
6913,1,200
6914,1,200
6915,1,140
6916,1,0
6917,1,140
6918,1,0
6919,1,140
6920,1,0
6921,1,140
6922,1,140
6923,1,140
6924,1,140
6925,1,0
6926,1,140
6927,1,140
6928,1,200
6929,1,140
6930,1,0
6931,1,140
6932,1,0
6933,1,200
6934,1,0
6935,1,300
6936,1,0
6937,1,200
6938,1,0
6939,1,0
6940,1,0
6941,1,0
6942,1,200
6943,1,0
6944,1,0
6945,1,0
6946,1,540
6947,1,0
6948,1,0
6949,1,0
6950,1,0
6951,1,200
6952,1,0
6953,1,0
6954,1,0
6955,1,0
6956,1,200
6957,1,300
6958,1,0
6959,1,0
6960,1,140
6961,1,300
6962,1,0
6963,1,0
6964,1,140
6965,1,140
6966,1,200
6967,1,200
6968,1,0
6969,1,200
6970,1,0
6971,1,0
6972,1,0
6973,1,0
6974,1,140
6975,1,0
6976,1,0
6977,1,0
6978,1,140
6979,1,140
6980,1,140
6981,1,200
6982,1,200
6983,1,0
6984,1,0
6985,1,140
6986,1,0
6987,1,200
6988,1,0
6989,1,140
6990,1,200
6991,1,140
6992,1,200
6993,1,240
6994,1,0
6995,1,200
6996,1,200
6997,1,200
6998,1,0
6999,1,140
7000,1,0
7001,1,200
7002,1,140
7003,1,0
7004,1,0
7005,1,0
7006,1,0
7007,1,200
7008,1,0
7009,1,0
7010,1,140
7011,1,0
7012,1,140
7013,1,0
7014,1,140
7015,1,0
7016,1,0
7017,1,0
7018,1,140
7019,1,300
7020,1,0
7021,1,0
7022,1,140
7023,1,0
7024,1,200
7025,1,0
7026,1,140
7027,1,200
7028,1,140
7029,1,0
7030,1,0
7031,1,0
7032,1,0
7033,1,300
7034,1,0
7035,1,300
7036,1,200
7037,1,0
7038,1,140
7039,1,140
7040,1,0
7041,1,0
7042,1,140
7043,1,0
7044,1,140
7045,1,0
7046,1,140
7047,1,0
7048,1,140
7049,1,200
7050,1,140
7051,1,0
7052,1,0
7053,1,140
7054,1,0
7055,1,0
7056,1,200
7057,1,140
7058,1,0
7059,1,140
7060,1,0
7061,1,0
7062,1,0
7063,1,140
7064,1,0
7065,1,0
7066,1,200
7067,1,0
7068,1,0
7069,1,0
7070,1,0
7071,1,0
7072,1,0
7073,1,0
7074,1,0
7075,1,200
7076,1,200
7077,1,0
7078,1,0
7079,1,0
7080,1,200
7081,1,200
7082,1,0
7083,1,0
7084,1,200
7085,1,200
7086,1,140
7087,1,140
7088,1,140
7089,1,140
7090,1,100
7091,1,0
7092,1,0
7093,1,0
7094,1,0
7095,1,200
7096,1,0
7097,1,0
7098,1,200
7099,1,0
7100,1,0
7101,1,140
7102,1,0
7103,1,140
7104,1,200
7105,1,0
7106,1,0
7107,1,0
7108,1,140
7109,1,0
7110,1,0
7111,1,300
7112,1,140
7113,1,200
7114,1,0
7115,1,0
7116,1,140
7117,1,0
7118,1,200
7119,1,0
7120,1,0
7121,1,0
7122,1,140
7123,1,200
7124,1,140
7125,1,200
7126,1,300
7127,1,140
7128,1,140
7129,1,200
7130,1,0
7131,1,140
7132,1,200
7133,1,140
7134,1,140
7135,1,140
7136,1,200
7137,1,200
7138,1,140
7139,1,140
7140,1,140
7141,1,0
7142,1,0
7143,1,200
7144,1,140
7145,1,140
7146,1,200
7147,1,0
7148,1,0
7149,1,300
7150,1,140
7151,1,0
7152,1,0
7153,1,200
7154,1,0
7155,1,140
7156,1,140
7157,1,0
7158,1,0
7159,1,200
7160,1,0
7161,1,0
7162,1,140
7163,1,200
7164,1,200
7165,1,0
7166,1,0
7167,1,140
7168,1,140
7169,1,0
7170,1,140
7171,1,200
7172,1,0
7173,1,200
7174,1,140
7175,1,0
7176,1,0
7177,1,140
7178,1,140
7179,1,200
7180,1,200
7181,1,0
7182,1,0
7183,1,0
7184,1,0
7185,1,200
7186,1,0
7187,1,140
7188,1,0
7189,1,0
7190,1,140
7191,1,0
7192,1,200
7193,1,0
7194,1,200
7195,1,0
7196,1,140
7197,1,200
7198,1,200
7199,1,0
7200,1,140
7201,1,0
7202,1,140
7203,1,0
7204,1,0
7205,1,140
7206,1,140
7207,1,200
7208,1,0
7209,1,0
7210,1,0
7211,1,0
7212,1,140
7213,1,140
7214,1,140
7215,1,140
7216,1,0
7217,1,0
7218,1,140
7219,1,0
7220,1,140
7221,1,0
7222,1,200
7223,1,140
7224,1,0
7225,1,0
7226,1,140
7227,1,200
7228,1,140
7229,1,0
7230,1,0
7231,1,0
7232,1,0
7233,1,140
7234,1,0
7235,1,140
7236,1,0
7237,1,0
7238,1,200
7239,1,200
7240,1,140
7241,1,140
7242,1,140
7243,1,0
7244,1,0
7245,1,140
7246,1,0
7247,1,140
7248,1,140
7249,1,0
7250,1,140
7251,1,200
7252,1,0
7253,1,140
7254,1,140
7255,1,200
7256,1,140
7257,1,0
7258,1,140
7259,1,0
7260,1,140
7261,1,140
7262,1,140
7263,1,0
7264,1,0
7265,1,140
7266,1,100
7267,1,140
7268,1,0
7269,1,0
7270,1,0
7271,1,140
7272,1,140
7273,1,200
7274,1,140
7275,1,0
7276,1,140
7277,1,0
7278,1,140
7279,1,200
7280,1,0
7281,1,200
7282,1,0
7283,1,0
7284,1,0
7285,1,200
7286,1,140
7287,1,200
7288,1,140
7289,1,140
7290,1,140
7291,1,0
7292,1,140
7293,1,200
7294,1,140
7295,1,0
7296,1,140
7297,1,0
7298,1,0
7299,1,140
7300,1,140
7301,1,0
7302,1,140
7303,1,140
7304,1,200
7305,1,0
7306,1,0
7307,1,200
7308,1,200
7309,1,0
7310,1,200
7311,1,0
7312,1,0
7313,1,0
7314,1,140
7315,1,140
7316,1,200
7317,1,0
7318,1,0
7319,1,200
7320,1,200
7321,1,140
7322,1,140
7323,1,200
7324,1,140
7325,1,200
7326,1,200
7327,1,140
7328,1,200
7329,1,140
7330,1,0
7331,1,0
7332,1,200
7333,1,0
7334,1,140
7335,1,0
7336,1,200
7337,1,0
7338,1,0
7339,1,200
7340,1,200
7341,1,0
7342,1,0
7343,1,140
7344,1,140
7345,1,0
7346,1,0
7347,1,200
7348,1,0
7349,1,140
7350,1,140
7351,1,140
7352,1,200
7353,1,200
7354,1,140
7355,1,0
7356,1,0
7357,1,140
7358,1,0
7359,1,140
7360,1,140
7361,1,0
7362,1,140
7363,1,0
7364,1,140
7365,1,200
7366,1,0
7367,1,0
7368,1,200
7369,1,200
7370,1,0
7371,1,140
7372,1,140
7373,1,200
7374,1,0
7375,1,140
7376,1,140
7377,1,140
7378,1,200
7379,1,140
7380,1,0
7381,1,0
7382,1,140
7383,1,300
7384,1,200
7385,1,140
7386,1,140
7387,1,140
7388,1,0
7389,1,140
7390,1,200
7391,1,0
7392,1,0
7393,1,140
7394,1,0
7395,1,200
7396,1,0
7397,1,0
7398,1,140
7399,1,200
7400,1,140
7401,1,0
7402,1,140
7403,1,200
7404,1,140
7405,1,0
7406,1,140
7407,1,140
7408,1,0
7409,1,0
7410,1,200
7411,1,0
7412,1,0
7413,1,200
7414,1,0
7415,1,240
7416,1,200
7417,1,140
7418,1,140
7419,1,0
7420,1,0
7421,1,140
7422,1,140
7423,1,200
7424,1,140
7425,1,0
7426,1,140
7427,1,140
7428,1,0
7429,1,140
7430,1,140
7431,1,140
7432,1,200
7433,1,300
7434,1,0
7435,1,140
7436,1,140
7437,1,140
7438,1,200
7439,1,0
7440,1,0
7441,1,140
7442,1,140
7443,1,0
7444,1,140
7445,1,200
7446,1,140
7447,1,200
7448,1,140
7449,1,140
7450,1,200
7451,1,0
7452,1,0
7453,1,140
7454,1,200
7455,1,200
7456,1,140
7457,1,0
7458,1,200
7459,1,140
7460,1,200
7461,1,140
7462,1,0
7463,1,200
7464,1,140
7465,1,140
7466,1,0
7467,1,140
7468,1,0
7469,1,140
7470,1,0
7471,1,140
7472,1,200
7473,1,200
7474,1,0
7475,1,0
7476,1,0
7477,1,140
7478,1,0
7479,1,140
7480,1,140
7481,1,0
7482,1,0
7483,1,0
7484,1,140
7485,1,0
7486,1,0
7487,1,240
7488,1,140
7489,1,0
7490,1,0
7491,1,0
7492,1,140
7493,1,200
7494,1,0
7495,1,0
7496,1,0
7497,1,0
7498,1,200
7499,1,0
7500,1,0
7501,1,200
7502,1,200
7503,1,0
7504,1,140
7505,1,140
7506,1,140
7507,1,140
7508,1,140
7509,1,0
7510,1,0
7511,1,0
7512,1,200
7513,1,200
7514,1,200
7515,1,0
7516,1,200
7517,1,0
7518,1,0
7519,1,140
7520,1,200
7521,1,0
7522,1,140
7523,1,0
7524,1,140
7525,1,0
7526,1,140
7527,1,200
7528,1,0
7529,1,140
7530,1,140
7531,1,200
7532,1,140
7533,1,0
7534,1,140
7535,1,140
7536,1,140
7537,1,0
7538,1,140
7539,1,140
7540,1,0
7541,1,140
7542,1,0
7543,1,0
7544,1,200
7545,1,0
7546,1,0
7547,1,140
7548,1,200
7549,1,140
7550,1,0
7551,1,0
7552,1,200
7553,1,0
7554,1,0
7555,1,0
7556,1,200
7557,1,0
7558,1,0
7559,1,0
7560,1,0
7561,1,200
7562,1,140
7563,1,0
7564,1,140
7565,1,140
7566,1,140
7567,1,200
7568,1,0
7569,1,200
7570,1,0
7571,1,0
7572,1,0
7573,1,140
7574,1,200
7575,1,0
7576,1,0
7577,1,0
7578,1,0
7579,1,0
7580,1,140
7581,1,140
7582,1,0
7583,1,140
7584,1,0
7585,1,0
7586,1,140
7587,1,200
7588,1,140
7589,1,140
7590,1,200
7591,1,0
7592,1,140
7593,1,140
7594,1,200
7595,1,0
7596,1,0
7597,1,140
7598,1,140
7599,1,0
7600,1,0
7601,1,300
7602,1,140
7603,1,0
7604,1,140
7605,1,200
7606,1,0
7607,1,200
7608,1,0
7609,1,0
7610,1,0
7611,1,140
7612,1,200
7613,1,140
7614,1,200
7615,1,0
7616,1,0
7617,1,140
7618,1,0
7619,1,300
7620,1,0
7621,1,0
7622,1,200
7623,1,140
7624,1,200
7625,1,140
7626,1,0
7627,1,0
7628,1,140
7629,1,0
7630,1,0
7631,1,0
7632,1,0
7633,1,140
7634,1,140
7635,1,140
7636,1,140
7637,1,140
7638,1,140
7639,1,200
7640,1,140
7641,1,200
7642,1,200
7643,1,0
7644,1,200
7645,1,0
7646,1,0
7647,1,0
7648,1,140
7649,1,200
7650,1,0
7651,1,140
7652,1,200
7653,1,140
7654,1,0
7655,1,0
7656,1,0
7657,1,140
7658,1,200
7659,1,0
7660,1,200
7661,1,300
7662,1,0
7663,1,140
7664,1,140
7665,1,140
7666,1,140
7667,1,0
7668,1,0
7669,1,0
7670,1,140
7671,1,300
7672,1,200
7673,1,0
7674,1,0
7675,1,0
7676,1,0
7677,1,0
7678,1,140
7679,1,140
7680,1,0
7681,1,0
7682,1,0
7683,1,300
7684,1,200
7685,1,200
7686,1,200
7687,1,140
7688,1,200
7689,1,200
7690,1,200
7691,1,0
7692,1,200
7693,1,0
7694,1,0
7695,1,0
7696,1,200
7697,1,0
7698,1,0
7699,1,0
7700,1,200
7701,1,140
7702,1,0
7703,1,0
7704,1,0
7705,1,0
7706,1,0
7707,1,0
7708,1,0
7709,1,200
7710,1,0
7711,1,0
7712,1,140
7713,1,0
7714,1,140
7715,1,0
7716,1,0
7717,1,200
7718,1,140
7719,1,0
7720,1,140
7721,1,0
7722,1,0
7723,1,0
7724,1,0
7725,1,0
7726,1,140
7727,1,200
7728,1,0
7729,1,140
7730,1,200
7731,1,0
7732,1,200
7733,1,140
7734,1,140
7735,1,0
7736,1,140
7737,1,140
7738,1,140
7739,1,200
7740,1,0
7741,1,0
7742,1,0
7743,1,140
7744,1,140
7745,1,140
7746,1,140
7747,1,200
7748,1,200
7749,1,200
7750,1,0
7751,1,140
7752,1,200
7753,1,140
7754,1,0
7755,1,200
7756,1,200
7757,1,0
7758,1,0
7759,1,0
7760,1,140
7761,1,0
7762,1,140
7763,1,0
7764,1,140
7765,1,0
7766,1,0
7767,1,0
7768,1,140
7769,1,0
7770,1,200
7771,1,0
7772,1,140
7773,1,140
7774,1,140
7775,1,140
7776,1,140
7777,1,140
7778,1,140
7779,1,0
7780,1,0
7781,1,200
7782,1,140
7783,1,140
7784,1,140
7785,1,200
7786,1,140
7787,1,140
7788,1,0
7789,1,140
7790,1,200
7791,1,140
7792,1,140
7793,1,200
7794,1,200
7795,1,0
7796,1,140
7797,1,0
7798,1,0
7799,1,140
7800,1,0
7801,1,140
7802,1,0
7803,1,0
7804,1,140
7805,1,200
7806,1,140
7807,1,0
7808,1,0
7809,1,0
7810,1,200
7811,1,0
7812,1,140
7813,1,140
7814,1,200
7815,1,140
7816,1,0
7817,1,200
7818,1,140
7819,1,140
7820,1,200
7821,1,300
7822,1,140
7823,1,0
7824,1,140
7825,1,200
7826,1,140
7827,1,0
7828,1,0
7829,1,0
7830,1,0
7831,1,140
7832,1,0
7833,1,140
7834,1,140
7835,1,140
7836,1,140
7837,1,140
7838,1,200
7839,1,200
7840,1,140
7841,1,200
7842,1,200
7843,1,0
7844,1,140
7845,1,0
7846,1,200
7847,1,0
7848,1,200
7849,1,140
7850,1,200
7851,1,0
7852,1,0
7853,1,140
7854,1,0
7855,1,200
7856,1,140
7857,1,0
7858,1,200
7859,1,0
7860,1,140
7861,1,140
7862,1,0
7863,1,200
7864,1,0
7865,1,0
7866,1,140
7867,1,200
7868,1,0
7869,1,140
7870,1,140
7871,1,140
7872,1,140
7873,1,200
7874,1,0
7875,1,140
7876,1,0
7877,1,140
7878,1,200
7879,1,0
7880,1,140
7881,1,200
7882,1,0
7883,1,0
7884,1,140
7885,1,200
7886,1,140
7887,1,0
7888,1,0
7889,1,140
7890,1,200
7891,1,200
7892,1,140
7893,1,0
7894,1,0
7895,1,0
7896,1,0
7897,1,200
7898,1,0
7899,1,140
7900,1,0
7901,1,0
7902,1,140
7903,1,140
7904,1,140
7905,1,0
7906,1,200
7907,1,0
7908,1,0
7909,1,0
7910,1,200
7911,1,200
7912,1,140
7913,1,200
7914,1,140
7915,1,0
7916,1,200
7917,1,140
7918,1,0
7919,1,0
7920,1,0
7921,1,0
7922,1,140
7923,1,0
7924,1,140
7925,1,140
7926,1,0
7927,1,0
7928,1,200
7929,1,140
7930,1,0
7931,1,140
7932,1,0
7933,1,200
7934,1,0
7935,1,0
7936,1,140
7937,1,200
7938,1,0
7939,1,0
7940,1,200
7941,1,200
7942,1,140
7943,1,0
7944,1,0
7945,1,600
7946,1,0
7947,1,200
7948,1,0
7949,1,0
7950,1,0
7951,1,0
7952,1,0
7953,1,140
7954,1,0
7955,1,200
7956,1,0
7957,1,140
7958,1,0
7959,1,0
7960,1,300
7961,1,200
7962,1,240
7963,1,140
7964,1,140
7965,1,140
7966,1,140
7967,1,140
7968,1,140
7969,1,300
7970,1,0
7971,1,0
7972,1,140
7973,1,0
7974,1,200
7975,1,0
7976,1,0
7977,1,200
7978,1,0
7979,1,140
7980,1,140
7981,1,200
7982,1,140
7983,1,0
7984,1,200
7985,1,0
7986,1,140
7987,1,200
7988,1,140
7989,1,140
7990,1,200
7991,1,200
7992,1,140
7993,1,0
7994,1,0
7995,1,140
7996,1,140
7997,1,140
7998,1,0
7999,1,0
8000,1,140
8001,1,0
8002,1,0
8003,1,140
8004,1,200
8005,1,200
8006,1,0
8007,1,0
8008,1,0
8009,1,300
8010,1,0
8011,1,0
8012,1,0
8013,1,200
8014,1,0
8015,1,140
8016,1,200
8017,1,0
8018,1,140
8019,1,0
8020,1,140
8021,1,200
8022,1,200
8023,1,200
8024,1,0
8025,1,0
8026,1,200
8027,1,0
8028,1,0
8029,1,200
8030,1,200
8031,1,0
8032,1,0
8033,1,200
8034,1,140
8035,1,0
8036,1,0
8037,1,0
8038,1,200
8039,1,200
8040,1,0
8041,1,0
8042,1,140
8043,1,0
8044,1,200
8045,1,0
8046,1,0
8047,1,0
8048,1,0
8049,1,200
8050,1,0
8051,1,0
8052,1,140
8053,1,0
8054,1,140
8055,1,140
8056,1,0
8057,1,0
8058,1,200
8059,1,0
8060,1,200
8061,1,0
8062,1,0
8063,1,0
8064,1,140
8065,1,140
8066,1,140
8067,1,200
8068,1,0
8069,1,140
8070,1,200
8071,1,140
8072,1,200
8073,1,200
8074,1,240
8075,1,200
8076,1,0
8077,1,0
8078,1,140
8079,1,200
8080,1,200
8081,1,0
8082,1,0
8083,1,300
8084,1,140
8085,1,0
8086,1,0
8087,1,0
8088,1,0
8089,1,0
8090,1,0
8091,1,200
8092,1,140
8093,1,200
8094,1,0
8095,1,140
8096,1,0
8097,1,0
8098,1,140
8099,1,0
8100,1,200
8101,1,200
8102,1,700
8103,1,140
8104,1,140
8105,1,200
8106,1,0
8107,1,140
8108,1,140
8109,1,100
8110,1,200
8111,1,240
8112,1,0
8113,1,140
8114,1,0
8115,1,0
8116,1,0
8117,1,200
8118,1,0
8119,1,140
8120,1,0
8121,1,0
8122,1,200
8123,1,200
8124,1,0
8125,1,200
8126,1,300
8127,1,140
8128,1,200
8129,1,0
8130,1,140
8131,1,140
8132,1,0
8133,1,140
8134,1,140
8135,1,140
8136,1,140
8137,1,200
8138,1,140
8139,1,0
8140,1,0
8141,1,0
8142,1,0
8143,1,200
8144,1,140
8145,1,140
8146,1,140
8147,1,0
8148,1,0
8149,1,140
8150,1,140
8151,1,140
8152,1,0
8153,1,140
8154,1,0
8155,1,0
8156,1,0
8157,1,0
8158,1,140
8159,1,140
8160,1,200
8161,1,200
8162,1,200
8163,1,200
8164,1,140
8165,1,140
8166,1,0
8167,1,140
8168,1,200
8169,1,0
8170,1,140
8171,1,0
8172,1,0
8173,1,200
8174,1,140
8175,1,0
8176,1,300
8177,1,140
8178,1,140
8179,1,140
8180,1,200
8181,1,140
8182,1,100
8183,1,140
8184,1,140
8185,1,0
8186,1,140
8187,1,200
8188,1,140
8189,1,0
8190,1,140
8191,1,0
8192,1,0
8193,1,300
8194,1,140
8195,1,200
8196,1,140
8197,1,0
8198,1,0
8199,1,0
8200,1,0
8201,1,140
8202,1,140
8203,1,200
8204,1,0
8205,1,200
8206,1,0
8207,1,200
8208,1,240
8209,1,0
8210,1,0
8211,1,140
8212,1,140
8213,1,0
8214,1,140
8215,1,200
8216,1,0
8217,1,0
8218,1,0
8219,1,0
8220,1,300
8221,1,200
8222,1,140
8223,1,0
8224,1,200
8225,1,0
8226,1,140
8227,1,140
8228,1,140
8229,1,200
8230,1,0
8231,1,140
8232,1,140
8233,1,600
8234,1,200
8235,1,140
8236,1,0
8237,1,140
8238,1,200
8239,1,200
8240,1,200
8241,1,200
8242,1,0
8243,1,200
8244,1,0
8245,1,0
8246,1,0
8247,1,140
8248,1,140
8249,1,0
8250,1,300
8251,1,200
8252,1,0
8253,1,300
8254,1,200
8255,1,140
8256,1,0
8257,1,0
8258,1,0
8259,1,0
8260,1,140
8261,1,200
8262,1,0
8263,1,140
8264,1,200
8265,1,0
8266,1,0
8267,1,0
8268,1,0
8269,1,0
8270,1,200
8271,1,140
8272,1,0
8273,1,140
8274,1,140
8275,1,0
8276,1,0
8277,1,140
8278,1,140
8279,1,0
8280,1,0
8281,1,0
8282,1,0
8283,1,0
8284,1,140
8285,1,0
8286,1,0
8287,1,140
8288,1,140
8289,1,140
8290,1,140
8291,1,0
8292,1,0
8293,1,0
8294,1,140
8295,1,140
8296,1,0
8297,1,0
8298,1,140
8299,1,100
8300,1,140
8301,1,0
8302,1,140
8303,1,140
8304,1,300
8305,1,200
8306,1,140
8307,1,140
8308,1,0
8309,1,140
8310,1,0
8311,1,200
8312,1,200
8313,1,0
8314,1,0
8315,1,200
8316,1,0
8317,1,140
8318,1,0
8319,1,700
8320,1,200
8321,1,140
8322,1,0
8323,1,140
8324,1,140
8325,1,0
8326,1,140
8327,1,140
8328,1,200
8329,1,300
8330,1,0
8331,1,0
8332,1,0
8333,1,140
8334,1,0
8335,1,200
8336,1,200
8337,1,0
8338,1,0
8339,1,0
8340,1,0
8341,1,0
8342,1,140
8343,1,140
8344,1,0
8345,1,0
8346,1,0
8347,1,140
8348,1,0
8349,1,140
8350,1,140
8351,1,0
8352,1,0
8353,1,200
8354,1,140
8355,1,0
8356,1,140
8357,1,0
8358,1,0
8359,1,200
8360,1,200
8361,1,0
8362,1,140
8363,1,140
8364,1,0
8365,1,200
8366,1,0
8367,1,0
8368,1,0
8369,1,0
8370,1,0
8371,1,0
8372,1,200
8373,1,140
8374,1,140
8375,1,140
8376,1,140
8377,1,140
8378,1,0
8379,1,0
8380,1,200
8381,1,140
8382,1,0
8383,1,0
8384,1,140
8385,1,200
8386,1,140
8387,1,0
8388,1,140
8389,1,200
8390,1,240
8391,1,0
8392,1,0
8393,1,200
8394,1,200
8395,1,0
8396,1,140
8397,1,0
8398,1,0
8399,1,0
8400,1,0
8401,1,200
8402,1,0
8403,1,0
8404,1,0
8405,1,0
8406,1,0
8407,1,0
8408,1,140
8409,1,140
8410,1,140
8411,1,100
8412,1,0
8413,1,0
8414,1,0
8415,1,0
8416,1,140
8417,1,0
8418,1,0
8419,1,0
8420,1,0
8421,1,200
8422,1,140
8423,1,0
8424,1,0
8425,1,140
8426,1,0
8427,1,300
8428,1,140
8429,1,140
8430,1,140
8431,1,200
8432,1,200
8433,1,0
8434,1,140
8435,1,0
8436,1,200
8437,1,140
8438,1,0
8439,1,200
8440,1,140
8441,1,140
8442,1,140
8443,1,0
8444,1,0
8445,1,0
8446,1,140
8447,1,200
8448,1,140
8449,1,0
8450,1,0
8451,1,0
8452,1,200
8453,1,0
8454,1,200
8455,1,0
8456,1,0
8457,1,0
8458,1,140
8459,1,0
8460,1,200
8461,1,200
8462,1,140
8463,1,0
8464,1,200
8465,1,140
8466,1,140
8467,1,0
8468,1,200
8469,1,300
8470,1,0
8471,1,200
8472,1,0
8473,1,0
8474,1,0
8475,1,240
8476,1,0
8477,1,200
8478,1,140
8479,1,200
8480,1,0
8481,1,200
8482,1,200
8483,1,200
8484,1,140
8485,1,140
8486,1,0
8487,1,140
8488,1,0
8489,1,0
8490,1,0
8491,1,0
8492,1,0
8493,1,140
8494,1,140
8495,1,0
8496,1,140
8497,1,200
8498,1,140
8499,1,0
8500,1,0
8501,1,0
8502,1,140
8503,1,0
8504,1,0
8505,1,200
8506,1,140
8507,1,0
8508,1,140
8509,1,200
8510,1,0
8511,1,140
8512,1,0
8513,1,200
8514,1,140
8515,1,200
8516,1,140
8517,1,200
8518,1,200
8519,1,600
8520,1,140
8521,1,140
8522,1,0
8523,1,0
8524,1,140
8525,1,140
8526,1,0
8527,1,0
8528,1,0
8529,1,0
8530,1,0
8531,1,140
8532,1,0
8533,1,0
8534,1,200
8535,1,140
8536,1,0
8537,1,600
8538,1,0
8539,1,140
8540,1,0
8541,1,0
8542,1,140
8543,1,0
8544,1,200
8545,1,0
8546,1,200
8547,1,0
8548,1,0
8549,1,200
8550,1,0
8551,1,240
8552,1,140
8553,1,0
8554,1,200
8555,1,0
8556,1,0
8557,1,200
8558,1,0
8559,1,200
8560,1,200
8561,1,0
8562,1,200
8563,1,600
8564,1,200
8565,1,0
8566,1,200
8567,1,0
8568,1,140
8569,1,200
8570,1,140
8571,1,200
8572,1,200
8573,1,0
8574,1,0
8575,1,140
8576,1,140
8577,1,140
8578,1,0
8579,1,200
8580,1,140
8581,1,200
8582,1,200
8583,1,0
8584,1,200
8585,1,140
8586,1,0
8587,1,0
8588,1,0
8589,1,140
8590,1,140
8591,1,0
8592,1,0
8593,1,140
8594,1,200
8595,1,140
8596,1,140
8597,1,200
8598,1,140
8599,1,140
8600,1,0
8601,1,0
8602,1,0
8603,1,0
8604,1,0
8605,1,0
8606,1,0
8607,1,200
8608,1,200
8609,1,140
8610,1,140
8611,1,200
8612,1,0
8613,1,0
8614,1,240
8615,1,0
8616,1,0
8617,1,300
8618,1,140
8619,1,0
8620,1,140
8621,1,140
8622,1,140
8623,1,200
8624,1,200
8625,1,140
8626,1,140
8627,1,200
8628,1,200
8629,1,0
8630,1,140
8631,1,200
8632,1,0
8633,1,0
8634,1,0
8635,1,0
8636,1,0
8637,1,0
8638,1,0
8639,1,0
8640,1,300
8641,1,0
8642,1,140
8643,1,140
8644,1,0
8645,1,0
8646,1,0
8647,1,200
8648,1,0
8649,1,0
8650,1,140
8651,1,200
8652,1,0
8653,1,140
8654,1,200
8655,1,140
8656,1,0
8657,1,140
8658,1,140
8659,1,300
8660,1,300
8661,1,200
8662,1,0
8663,1,0
8664,1,140
8665,1,140
8666,1,140
8667,1,200
8668,1,0
8669,1,140
8670,1,0
8671,1,200
8672,1,140
8673,1,200
8674,1,0
8675,1,0
8676,1,200
8677,1,140
8678,1,0
8679,1,0
8680,1,0
8681,1,140
8682,1,0
8683,1,140
8684,1,140
8685,1,140
8686,1,0
8687,1,0
8688,1,200
8689,1,140
8690,1,0
8691,1,300
8692,1,0
8693,1,140
8694,1,0
8695,1,140
8696,1,0
8697,1,140
8698,1,0
8699,1,140
8700,1,0
8701,1,0
8702,1,140
8703,1,200
8704,1,200
8705,1,0
8706,1,300
8707,1,200
8708,1,140
8709,1,140
8710,1,140
8711,1,140
8712,1,140
8713,1,0
8714,1,0
8715,1,0
8716,1,0
8717,1,0
8718,1,0
8719,1,140
8720,1,0
8721,1,140
8722,1,140
8723,1,0
8724,1,200
8725,1,0
8726,1,0
8727,1,0
8728,1,0
8729,1,0
8730,1,0
8731,1,0
8732,1,300
8733,1,140
8734,1,0
8735,1,140
8736,1,140
8737,1,0
8738,1,0
8739,1,0
8740,1,140
8741,1,0
8742,1,140
8743,1,0
8744,1,0
8745,1,0
8746,1,0
8747,1,200
8748,1,140
8749,1,0
8750,1,0
8751,1,140
8752,1,200
8753,1,0
8754,1,0
8755,1,200
8756,1,140
8757,1,200
8758,1,200
8759,1,200
8760,1,0
8761,1,140
8762,1,0
8763,1,200
8764,1,140
8765,1,0
8766,1,0
8767,1,140
8768,1,0
8769,1,0
8770,1,200
8771,1,140
8772,1,140
8773,1,0
8774,1,0
8775,1,0
8776,1,140
8777,1,0
8778,1,0
8779,1,200
8780,1,200
8781,1,0
8782,1,200
8783,1,140
8784,1,0
8785,1,0
8786,1,0
8787,1,200
8788,1,0
8789,1,0
8790,1,140
8791,1,200
8792,1,140
8793,1,140
8794,1,140
8795,1,0
8796,1,0
8797,1,140
8798,1,140
8799,1,140
8800,1,200
8801,1,0
8802,1,140
8803,1,0
8804,1,0
8805,1,200
8806,1,140
8807,1,0
8808,1,200
8809,1,200
8810,1,200
8811,1,300
8812,1,0
8813,1,200
8814,1,200
8815,1,0
8816,1,0
8817,1,0
8818,1,0
8819,1,140
8820,1,0
8821,1,200
8822,1,200
8823,1,0
8824,1,0
8825,1,200
8826,1,200
8827,1,200
8828,1,140
8829,1,200
8830,1,200
8831,1,140
8832,1,140
8833,1,140
8834,1,200
8835,1,0
8836,1,200
8837,1,0
8838,1,200
8839,1,0
8840,1,0
8841,1,0
8842,1,0
8843,1,140
8844,1,0
8845,1,0
8846,1,0
8847,1,0
8848,1,200
8849,1,140
8850,1,0
8851,1,140
8852,1,0
8853,1,0
8854,1,0
8855,1,0
8856,1,200
8857,1,0
8858,1,0
8859,1,0
8860,1,200
8861,1,140
8862,1,0
8863,1,140
8864,1,0
8865,1,0
8866,1,0
8867,1,0
8868,1,200
8869,1,140
8870,1,0
8871,1,0
8872,1,0
8873,1,0
8874,1,200
8875,1,140
8876,1,140
8877,1,600
8878,1,0
8879,1,200
8880,1,0
8881,1,200
8882,1,140
8883,1,300
8884,1,140
8885,1,200
8886,1,0
8887,1,0
8888,1,140
8889,1,200
8890,1,0
8891,1,0
8892,1,0
8893,1,140
8894,1,200
8895,1,0
8896,1,200
8897,1,140
8898,1,140
8899,1,0
8900,1,0
8901,1,200
8902,1,0
8903,1,200
8904,1,140
8905,1,140
8906,1,200
8907,1,0
8908,1,0
8909,1,140
8910,1,0
8911,1,140
8912,1,200
8913,1,0
8914,1,0
8915,1,140
8916,1,140
8917,1,0
8918,1,200
8919,1,0
8920,1,0
8921,1,140
8922,1,0
8923,1,0
8924,1,0
8925,1,0
8926,1,0
8927,1,140
8928,1,200
8929,1,0
8930,1,0
8931,1,200
8932,1,200
8933,1,300
8934,1,0
8935,1,140
8936,1,0
8937,1,140
8938,1,0
8939,1,0
8940,1,200
8941,1,0
8942,1,0
8943,1,140
8944,1,140
8945,1,0
8946,1,0
8947,1,140
8948,1,0
8949,1,200
8950,1,200
8951,1,0
8952,1,140
8953,1,140
8954,1,140
8955,1,140
8956,1,200
8957,1,0
8958,1,0
8959,1,0
8960,1,0
8961,1,0
8962,1,0
8963,1,0
8964,1,0
8965,1,140
8966,1,140
8967,1,0
8968,1,140
8969,1,0
8970,1,140
8971,1,200
8972,1,0
8973,1,0
8974,1,200
8975,1,0
8976,1,140
8977,1,0
8978,1,0
8979,1,140
8980,1,640
8981,1,0
8982,1,200
8983,1,140
8984,1,140
8985,1,200
8986,1,140
8987,1,0
8988,1,0
8989,1,140
8990,1,140
8991,1,0
8992,1,0
8993,1,140
8994,1,140
8995,1,200
8996,1,140
8997,1,0
8998,1,200
8999,1,140
9000,1,200
9001,1,0
9002,1,140
9003,1,140
9004,1,140
9005,1,140
9006,1,0
9007,1,0
9008,1,0
9009,1,0
9010,1,200
9011,1,0
9012,1,140
9013,1,200
9014,1,140
9015,1,140
9016,1,0
9017,1,200
9018,1,140
9019,1,0
9020,1,0
9021,1,140
9022,1,0
9023,1,0
9024,1,200
9025,1,200
9026,1,200
9027,1,0
9028,1,140
9029,1,300
9030,1,140
9031,1,140
9032,1,0
9033,1,0
9034,1,140
9035,1,200
9036,1,140
9037,1,140
9038,1,0
9039,1,0
9040,1,140
9041,1,140
9042,1,140
9043,1,200
9044,1,0
9045,1,0
9046,1,0
9047,1,0
9048,1,0
9049,1,140
9050,1,0
9051,1,200
9052,1,0
9053,1,200
9054,1,200
9055,1,140
9056,1,200
9057,1,0
9058,1,140
9059,1,0
9060,1,0
9061,1,0
9062,1,0
9063,1,140
9064,1,0
9065,1,0
9066,1,140
9067,1,140
9068,1,0
9069,1,140
9070,1,0
9071,1,140
9072,1,140
9073,1,0
9074,1,0
9075,1,200
9076,1,200
9077,1,0
9078,1,0
9079,1,0
9080,1,0
9081,1,0
9082,1,300
9083,1,0
9084,1,300
9085,1,200
9086,1,140
9087,1,0
9088,1,0
9089,1,140
9090,1,140
9091,1,0
9092,1,140
9093,1,240
9094,1,200
9095,1,0
9096,1,200
9097,1,140
9098,1,140
9099,1,140
9100,1,140
9101,1,240
9102,1,0
9103,1,140
9104,1,0
9105,1,0
9106,1,0
9107,1,140
9108,1,0
9109,1,140
9110,1,0
9111,1,0
9112,1,240
9113,1,0
9114,1,0
9115,1,200
9116,1,140
9117,1,0
9118,1,0
9119,1,0
9120,1,140
9121,1,0
9122,1,0
9123,1,200
9124,1,200
9125,1,0
9126,1,200
9127,1,0
9128,1,200
9129,1,0
9130,1,200
9131,1,240
9132,1,0
9133,1,0
9134,1,0
9135,1,0
9136,1,0
9137,1,200
9138,1,0
9139,1,140
9140,1,200
9141,1,0
9142,1,140
9143,1,0
9144,1,0
9145,1,140
9146,1,0
9147,1,0
9148,1,140
9149,1,0
9150,1,200
9151,1,140
9152,1,140
9153,1,0
9154,1,140
9155,1,240
9156,1,0
9157,1,0
9158,1,0
9159,1,0
9160,1,0
9161,1,0
9162,1,0
9163,1,200
9164,1,200
9165,1,200
9166,1,200
9167,1,140
9168,1,140
9169,1,200
9170,1,0
9171,1,200
9172,1,0
9173,1,200
9174,1,140
9175,1,200
9176,1,200
9177,1,140
9178,1,140
9179,1,0
9180,1,200
9181,1,140
9182,1,200
9183,1,140
9184,1,200
9185,1,140
9186,1,140
9187,1,200
9188,1,200
9189,1,140
9190,1,200
9191,1,0
9192,1,0
9193,1,0
9194,1,200
9195,1,140
9196,1,0
9197,1,0
9198,1,200
9199,1,0
9200,1,200
9201,1,0
9202,1,0
9203,1,140
9204,1,0
9205,1,300
9206,1,140
9207,1,0
9208,1,0
9209,1,200
9210,1,0
9211,1,200
9212,1,0
9213,1,0
9214,1,200
9215,1,0
9216,1,140
9217,1,140
9218,1,0
9219,1,200
9220,1,300
9221,1,140
9222,1,0
9223,1,0
9224,1,0
9225,1,0
9226,1,0
9227,1,0
9228,1,0
9229,1,200
9230,1,0
9231,1,200
9232,1,140
9233,1,140
9234,1,300
9235,1,300
9236,1,140
9237,1,140
9238,1,0
9239,1,0
9240,1,140
9241,1,200
9242,1,200
9243,1,0
9244,1,140
9245,1,200
9246,1,200
9247,1,0
9248,1,0
9249,1,0
9250,1,0
9251,1,140
9252,1,140
9253,1,240
9254,1,140
9255,1,140
9256,1,140
9257,1,140
9258,1,200
9259,1,0
9260,1,200
9261,1,140
9262,1,140
9263,1,200
9264,1,0
9265,1,0
9266,1,0
9267,1,200
9268,1,140
9269,1,0
9270,1,0
9271,1,140
9272,1,0
9273,1,0
9274,1,0
9275,1,0
9276,1,200
9277,1,0
9278,1,0
9279,1,0
9280,1,0
9281,1,200
9282,1,140
9283,1,0
9284,1,0
9285,1,140
9286,1,0
9287,1,140
9288,1,0
9289,1,0
9290,1,140
9291,1,140
9292,1,0
9293,1,200
9294,1,0
9295,1,0
9296,1,0
9297,1,0
9298,1,0
9299,1,140
9300,1,200
9301,1,140
9302,1,200
9303,1,140
9304,1,0
9305,1,0
9306,1,0
9307,1,140
9308,1,0
9309,1,140
9310,1,140
9311,1,140
9312,1,0
9313,1,0
9314,1,140
9315,1,300
9316,1,0
9317,1,140
9318,1,140
9319,1,0
9320,1,140
9321,1,140
9322,1,200
9323,1,0
9324,1,140
9325,1,0
9326,1,0
9327,1,140
9328,1,140
9329,1,140
9330,1,140
9331,1,140
9332,1,0
9333,1,0
9334,1,240
9335,1,0
9336,1,0
9337,1,0
9338,1,140
9339,1,140
9340,1,0
9341,1,200
9342,1,0
9343,1,0
9344,1,140
9345,1,0
9346,1,140
9347,1,0
9348,1,0
9349,1,0
9350,1,140
9351,1,140
9352,1,200
9353,1,0
9354,1,0
9355,1,200
9356,1,140
9357,1,0
9358,1,200
9359,1,140
9360,1,0
9361,1,0
9362,1,140
9363,1,200
9364,1,0
9365,1,140
9366,1,140
9367,1,0
9368,1,140
9369,1,0
9370,1,0
9371,1,300
9372,1,140
9373,1,0
9374,1,0
9375,1,0
9376,1,0
9377,1,140
9378,1,0
9379,1,0
9380,1,140
9381,1,0
9382,1,0
9383,1,300
9384,1,200
9385,1,140
9386,1,240
9387,1,0
9388,1,140
9389,1,0
9390,1,0
9391,1,200
9392,1,0
9393,1,140
9394,1,200
9395,1,0
9396,1,200
9397,1,0
9398,1,140
9399,1,200
9400,1,200
9401,1,0
9402,1,0
9403,1,0
9404,1,0
9405,1,200
9406,1,0
9407,1,140
9408,1,140
9409,1,0
9410,1,0
9411,1,200
9412,1,0
9413,1,0
9414,1,0
9415,1,0
9416,1,200
9417,1,140
9418,1,0
9419,1,0
9420,1,140
9421,1,140
9422,1,140
9423,1,140
9424,1,0
9425,1,140
9426,1,0
9427,1,140
9428,1,200
9429,1,140
9430,1,0
9431,1,140
9432,1,200
9433,1,0
9434,1,0
9435,1,140
9436,1,140
9437,1,0
9438,1,0
9439,1,0
9440,1,0
9441,1,0
9442,1,140
9443,1,0
9444,1,140
9445,1,300
9446,1,200
9447,1,140
9448,1,140
9449,1,0
9450,1,0
9451,1,140
9452,1,0
9453,1,200
9454,1,140
9455,1,140
9456,1,0
9457,1,200
9458,1,0
9459,1,0
9460,1,140
9461,1,300
9462,1,0
9463,1,140
9464,1,0
9465,1,140
9466,1,0
9467,1,0
9468,1,0
9469,1,0
9470,1,140
9471,1,200
9472,1,140
9473,1,0
9474,1,140
9475,1,200
9476,1,0
9477,1,140
9478,1,200
9479,1,200
9480,1,140
9481,1,0
9482,1,140
9483,1,200
9484,1,200
9485,1,0
9486,1,0
9487,1,0
9488,1,140
9489,1,0
9490,1,0
9491,1,0
9492,1,0
9493,1,0
9494,1,0
9495,1,0
9496,1,200
9497,1,0
9498,1,200
9499,1,140
9500,1,140
9501,1,200
9502,1,140
9503,1,0
9504,1,0
9505,1,0
9506,1,200
9507,1,200
9508,1,140
9509,1,140
9510,1,0
9511,1,0
9512,1,140
9513,1,140
9514,1,140
9515,1,200
9516,1,200
9517,1,140
9518,1,0
9519,1,140
9520,1,140
9521,1,0
9522,1,140
9523,1,0
9524,1,0
9525,1,140
9526,1,0
9527,1,140
9528,1,140
9529,1,140
9530,1,200
9531,1,0
9532,1,200
9533,1,0
9534,1,140
9535,1,0
9536,1,140
9537,1,300
9538,1,140
9539,1,200
9540,1,0
9541,1,200
9542,1,200
9543,1,0
9544,1,200
9545,1,140
9546,1,0
9547,1,140
9548,1,140
9549,1,0
9550,1,0
9551,1,200
9552,1,0
9553,1,0
9554,1,0
9555,1,200
9556,1,0
9557,1,0
9558,1,0
9559,1,0
9560,1,0
9561,1,140
9562,1,0
9563,1,200
9564,1,0
9565,1,200
9566,1,200
9567,1,0
9568,1,140
9569,1,140
9570,1,0
9571,1,0
9572,1,0
9573,1,140
9574,1,0
9575,1,200
9576,1,200
9577,1,200
9578,1,200
9579,1,140
9580,1,200
9581,1,0
9582,1,0
9583,1,0
9584,1,0
9585,1,200
9586,1,0
9587,1,0
9588,1,200
9589,1,140
9590,1,0
9591,1,140
9592,1,200
9593,1,0
9594,1,0
9595,1,0
9596,1,200
9597,1,200
9598,1,140
9599,1,0
9600,1,240
9601,1,140
9602,1,0
9603,1,0
9604,1,0
9605,1,0
9606,1,200
9607,1,200
9608,1,0
9609,1,200
9610,1,140
9611,1,200
9612,1,0
9613,1,200
9614,1,140
9615,1,200
9616,1,200
9617,1,0
9618,1,0
9619,1,140
9620,1,140
9621,1,0
9622,1,140
9623,1,200
9624,1,0
9625,1,140
9626,1,0
9627,1,0
9628,1,0
9629,1,140
9630,1,140
9631,1,200
9632,1,0
9633,1,140
9634,1,0
9635,1,0
9636,1,0
9637,1,0
9638,1,0
9639,1,140
9640,1,0
9641,1,140
9642,1,200
9643,1,140
9644,1,140
9645,1,300
9646,1,0
9647,1,0
9648,1,200
9649,1,140
9650,1,0
9651,1,0
9652,1,0
9653,1,140
9654,1,0
9655,1,140
9656,1,0
9657,1,140
9658,1,0
9659,1,200
9660,1,0
9661,1,300
9662,1,0
9663,1,140
9664,1,0
9665,1,140
9666,1,200
9667,1,140
9668,1,200
9669,1,0
9670,1,0
9671,1,200
9672,1,0
9673,1,0
9674,1,0
9675,1,0
9676,1,0
9677,1,0
9678,1,0
9679,1,0
9680,1,200
9681,1,140
9682,1,0
9683,1,0
9684,1,0
9685,1,0
9686,1,0
9687,1,0
9688,1,0
9689,1,200
9690,1,200
9691,1,0
9692,1,200
9693,1,140
9694,1,0
9695,1,0
9696,1,200
9697,1,0
9698,1,140
9699,1,200
9700,1,140
9701,1,140
9702,1,0
9703,1,0
9704,1,200
9705,1,0
9706,1,200
9707,1,240
9708,1,140
9709,1,140
9710,1,0
9711,1,0
9712,1,140
9713,1,140
9714,1,300
9715,1,140
9716,1,140
9717,1,140
9718,1,200
9719,1,0
9720,1,0
9721,1,0
9722,1,0
9723,1,200
9724,1,0
9725,1,0
9726,1,140
9727,1,0
9728,1,0
9729,1,200
9730,1,0
9731,1,0
9732,1,0
9733,1,0
9734,1,140
9735,1,140
9736,1,140
9737,1,140
9738,1,140
9739,1,200
9740,1,200
9741,1,140
9742,1,140
9743,1,0
9744,1,140
9745,1,140
9746,1,0
9747,1,200
9748,1,200
9749,1,0
9750,1,240
9751,1,140
9752,1,0
9753,1,140
9754,1,140
9755,1,240
9756,1,140
9757,1,0
9758,1,200
9759,1,140
9760,1,140
9761,1,200
9762,1,0
9763,1,0
9764,1,140
9765,1,0
9766,1,200
9767,1,140
9768,1,0
9769,1,0
9770,1,140
9771,1,300
9772,1,0
9773,1,200
9774,1,140
9775,1,140
9776,1,140
9777,1,200
9778,1,0
9779,1,0
9780,1,0
9781,1,140
9782,1,0
9783,1,200
9784,1,0
9785,1,140
9786,1,0
9787,1,0
9788,1,0
9789,1,0
9790,1,0
9791,1,0
9792,1,200
9793,1,140
9794,1,240
9795,1,200
9796,1,140
9797,1,140
9798,1,200
9799,1,240
9800,1,200
9801,1,300
9802,1,140
9803,1,200
9804,1,0
9805,1,140
9806,1,200
9807,1,140
9808,1,0
9809,1,200
9810,1,140
9811,1,140
9812,1,0
9813,1,0
9814,1,0
9815,1,140
9816,1,0
9817,1,140
9818,1,0
9819,1,200
9820,1,140
9821,1,0
9822,1,140
9823,1,140
9824,1,140
9825,1,240
9826,1,0
9827,1,200
9828,1,0
9829,1,140
9830,1,200
9831,1,0
9832,1,0
9833,1,140
9834,1,140
9835,1,200
9836,1,0
9837,1,0
9838,1,200
9839,1,200
9840,1,0
9841,1,200
9842,1,0
9843,1,0
9844,1,140
9845,1,200
9846,1,200
9847,1,0
9848,1,0
9849,1,140
9850,1,200
9851,1,0
9852,1,0
9853,1,140
9854,1,140
9855,1,0
9856,1,0
9857,1,0
9858,1,140
9859,1,140
9860,1,0
9861,1,140
9862,1,140
9863,1,0
9864,1,140
9865,1,200
9866,1,0
9867,1,0
9868,1,0
9869,1,0
9870,1,140
9871,1,200
9872,1,0
9873,1,140
9874,1,200
9875,1,140
9876,1,0
9877,1,140
9878,1,0
9879,1,200
9880,1,0
9881,1,0
9882,1,140
9883,1,140
9884,1,140
9885,1,0
9886,1,0
9887,1,140
9888,1,0
9889,1,140
9890,1,200
9891,1,0
9892,1,140
9893,1,0
9894,1,0
9895,1,0
9896,1,140
9897,1,200
9898,1,140
9899,1,0
9900,1,140
9901,1,140
9902,1,140
9903,1,140
9904,1,0
9905,1,140
9906,1,140
9907,1,140
9908,1,140
9909,1,0
9910,1,0
9911,1,140
9912,1,200
9913,1,0
9914,1,140
9915,1,200
9916,1,0
9917,1,200
9918,1,140
9919,1,200
9920,1,200
9921,1,0
9922,1,200
9923,1,0
9924,1,140
9925,1,0
9926,1,0
9927,1,0
9928,1,0
9929,1,640
9930,1,200
9931,1,0
9932,1,0
9933,1,0
9934,1,140
9935,1,0
9936,1,0
9937,1,200
9938,1,140
9939,1,200
9940,1,140
9941,1,200
9942,1,140
9943,1,0
9944,1,200
9945,1,140
9946,1,140
9947,1,0
9948,1,300
9949,1,200
9950,1,140
9951,1,0
9952,1,0
9953,1,0
9954,1,140
9955,1,140
9956,1,0
9957,1,200
9958,1,200
9959,1,0
9960,1,200
9961,1,200
9962,1,140
9963,1,140
9964,1,0
9965,1,200
9966,1,140
9967,1,200
9968,1,200
9969,1,0
9970,1,0
9971,1,140
9972,1,140
9973,1,0
9974,1,200
9975,1,200
9976,1,0
9977,1,0
9978,1,140
9979,1,140
9980,1,0
9981,1,0
9982,1,140
9983,1,200
9984,1,140
9985,1,0
9986,1,140
9987,1,0
9988,1,0
9989,1,140
9990,1,200
9991,1,0
9992,1,0
9993,1,140
9994,1,140
9995,1,200
9996,1,140
9997,1,140
9998,1,0
9999,1,200
